CountyName,ZCTA,CPI2000,Nplwha2004,DeathCount2000,DeathCount2001,DeathCount2002,DeathCount2003,DeathCount2004,IndivInPov,PerCapInc,Pop,PovertyPercentage,InLaborForce,Unemployed
Albany,12304,1.037,777,30,39,19,19,20,1677,8930,10485,0.10354747,4911,281
Albany,12306,1.037,777,30,39,19,19,20,734,10433,12291,0.10354747,6233,248.5
Albany,12143,1.037,777,30,39,19,19,20,175,10499,2674,0.10354747,1482,55
Albany,12303,1.037,777,30,39,19,19,20,1188,11383,13971,0.10354747,6978,247
Albany,12309,1.037,777,30,39,19,19,20,429,15500,15029,0.10354747,7235.5,181
Albany,12202,1.037,777,30,39,19,19,20,3387,13974,10021,0.10354747,4641,488
Albany,12206,1.037,777,30,39,19,19,20,4451,15053,16291,0.10354747,7247,572
Albany,12045,1.037,777,30,39,19,19,20,78,16549,746,0.10354747,392,0
Albany,12183,1.037,777,30,39,19,19,20,227,17795,2278,0.10354747,1263,41
Albany,12210,1.037,777,30,39,19,19,20,2563,18358,9492,0.10354747,5306,376
Albany,12047,1.037,777,30,39,19,19,20,2101,19200,18167,0.10354747,9189,363
Albany,12209,1.037,777,30,39,19,19,20,1056,19232,9772,0.10354747,5072,281
Albany,12189,1.037,777,30,39,19,19,20,1736,19733,16783,0.10354747,8805,389
Albany,12203,1.037,777,30,39,19,19,20,3540,20774,32866,0.10354747,19533,3955
Albany,12205,1.037,777,30,39,19,19,20,1470,22388,26337,0.10354747,14020,556
Albany,12158,1.037,777,30,39,19,19,20,390,22506,5779,0.10354747,2770,94
Albany,12208,1.037,777,30,39,19,19,20,2722,23325,21307,0.10354747,11646,640
Albany,12110,1.037,777,30,39,19,19,20,670,24352,20463,0.10354747,11379,818
Albany,12009,1.037,777,30,39,19,19,20,346,26110,7628,0.10354747,4100,133
Albany,12204,1.037,777,30,39,19,19,20,626,27644,6792,0.10354747,3476,186
Albany,12077,1.037,777,30,39,19,19,20,171,28160,5719,0.10354747,3160,297
Albany,12084,1.037,777,30,39,19,19,20,306,31603,4214,0.10354747,2345,45
Albany,12186,1.037,777,30,39,19,19,20,189,31821,6461,0.10354747,3615,118
Albany,12054,1.037,777,30,39,19,19,20,356,32859,16421,0.10354747,8527,194
Albany,12211,1.037,777,30,39,19,19,20,405,33703,10684,0.10354747,5400,100
Albany,12159,1.037,777,30,39,19,19,20,310,36728,7646,0.10354747,3892,67
Albany,12207,1.037,777,30,39,19,19,20,1056,9433,2187,0.10354747,619,125
Allegany,14437,1.042,11,0,0,0,0,0,426,5137,4099,0.13875615,1696.666667,136
Allegany,14843,1.042,11,0,0,0,0,0,1173,8057,6692,0.13875615,3155.5,258.5
Allegany,14807,1.042,11,0,0,0,0,0,149,8628,1560,0.13875615,720.5,56
Allegany,14770,1.042,11,0,0,0,0,0,197,8697,1635,0.13875615,839,49.5
Allegany,14802,1.042,11,0,0,0,0,0,400,8224,3954,0.13875615,2279,447
Allegany,14895,1.042,11,0,0,0,0,0,1575,17833,10311,0.13875615,4736,420
Bronx,11370,1.223,20416,476,466,438,472,418,1946,7955,21571,0.2993058,6871,606.5
Bronx,10463,1.223,20416,476,466,438,472,418,5521,11485,32788,0.2993058,14326.5,1276.5
Bronx,10474,1.223,20416,476,466,438,472,418,5319,7030,11354,0.2993058,3361,920
Bronx,10454,1.223,20416,476,466,438,472,418,16658,8831,34976,0.2993058,10142,2617
Bronx,10452,1.223,20416,476,466,438,472,418,29377,9033,72138,0.2993058,25433,4738
Bronx,10455,1.223,20416,476,466,438,472,418,14986,9403,37465,0.2993058,11726,2578
Bronx,10456,1.223,20416,476,466,438,472,418,33765,9641,76656,0.2993058,23259,4715
Bronx,10459,1.223,20416,476,466,438,472,418,17253,9667,39080,0.2993058,11918,2430
Bronx,10460,1.223,20416,476,466,438,472,418,20999,9772,53707,0.2993058,18021,3437
Bronx,10453,1.223,20416,476,466,438,472,418,30464,10047,76775,0.2993058,26134,5122
Bronx,10457,1.223,20416,476,466,438,472,418,28751,10113,69048,0.2993058,23777,5091
Bronx,10458,1.223,20416,476,466,438,472,418,29342,10415,77840,0.2993058,27984,4955
Bronx,10451,1.223,20416,476,466,438,472,418,15444,11268,40961,0.2993058,13614,2673
Bronx,10468,1.223,20416,476,466,438,472,418,27306,11788,78309,0.2993058,28830,4854
Bronx,10472,1.223,20416,476,466,438,472,418,22330,11806,64867,0.2993058,22913,3802
Bronx,10473,1.223,20416,476,466,438,472,418,15677,12923,56166,0.2993058,20739,2796
Bronx,10467,1.223,20416,476,466,438,472,418,24552,14152,94342,0.2993058,38033,4601
Bronx,10462,1.223,20416,476,466,438,472,418,13902,16543,72077,0.2993058,31449,3175
Bronx,10466,1.223,20416,476,466,438,472,418,14109,16570,68787,0.2993058,30459,3031
Bronx,10469,1.223,20416,476,466,438,472,418,8393,18630,63345,0.2993058,27932,2521
Bronx,10461,1.223,20416,476,466,438,472,418,5820,20315,49808,0.2993058,21410,1246
Bronx,10470,1.223,20416,476,466,438,472,418,2290,20482,15780,0.2993058,7927,724
Bronx,10475,1.223,20416,476,466,438,472,418,3390,20785,38086,0.2993058,17507,1269
Bronx,10465,1.223,20416,476,466,438,472,418,4682,21273,42500,0.2993058,18543,1143
Bronx,10464,1.223,20416,476,466,438,472,418,181,31402,4634,0.2993058,2516,71
Bronx,10471,1.223,20416,476,466,438,472,418,1571,36107,23413,0.2993058,11728,1052
Broome,13760,0.961,231,2,4,6,4,7,1918,10692,21977,0.12618786,11064,496
Broome,13748,0.961,231,2,4,6,4,7,467,16482,4067,0.12618786,1883,66
Broome,13865,0.961,231,2,4,6,4,7,667,16587,6507,0.12618786,3241,168
Broome,13833,0.961,231,2,4,6,4,7,484,16875,4463,0.12618786,2303,116
Broome,13795,0.961,231,2,4,6,4,7,249,17198,3770,0.12618786,1776,80
Broome,13904,0.961,231,2,4,6,4,7,1233,17523,9619,0.12618786,4561,252
Broome,13790,0.961,231,2,4,6,4,7,2724,17666,19713,0.12618786,9817,536
Broome,13905,0.961,231,2,4,6,4,7,5683,18310,27506,0.12618786,12216,681
Broome,13901,0.961,231,2,4,6,4,7,3229,18311,20106,0.12618786,9656,582
Broome,13744,0.961,231,2,4,6,4,7,135,19114,1202,0.12618786,622,30
Broome,13903,0.961,231,2,4,6,4,7,2517,20455,19282,0.12618786,9431,477
Broome,13850,0.961,231,2,4,6,4,7,1502,22377,26685,0.12618786,12232,757
Cattaraugus,14030,1.042,37,0,0,0,0,0,40,5716,539,0.12662455,295.6666667,8.666666667
Cattaraugus,14081,1.042,37,0,0,0,0,0,158,5979,1139,0.12662455,538.6666667,48.66666667
Cattaraugus,14747,1.042,37,0,0,0,0,0,137,7971,1218,0.12662455,644.5,31
Cattaraugus,14070,1.042,37,0,0,0,0,0,380,8066,2868,0.12662455,1416,116.5
Cattaraugus,14009,1.042,37,0,0,0,0,0,198,8499,2848,0.12662455,1392.5,81
Cattaraugus,14770,1.042,37,0,0,0,0,0,197,8697,1635,0.12662455,839,49.5
Cattaraugus,14141,1.042,37,0,0,0,0,0,255,9135,3929,0.12662455,1906.5,92.5
Cattaraugus,14779,1.042,37,0,0,0,0,0,1484,13431,7352,0.12662455,3331,289
Cattaraugus,14748,1.042,37,0,0,0,0,0,123,14226,660,0.12662455,283,13
Cattaraugus,14753,1.042,37,0,0,0,0,0,176,14283,1212,0.12662455,579,47
Cattaraugus,14042,1.042,37,0,0,0,0,0,614,15260,4553,0.12662455,2362,141
Cattaraugus,14743,1.042,37,0,0,0,0,0,271,15297,2034,0.12662455,923,63
Cattaraugus,14706,1.042,37,0,0,0,0,0,577,16140,7596,0.12662455,3556,402
Cattaraugus,14760,1.042,37,0,0,0,0,0,2746,17165,20510,0.12662455,10523,674
Cayuga,13045,1.042,59,0,0,0,0,0,1726,5325,9725,0.11148246,4898.666667,495.6666667
Cayuga,13126,1.042,59,0,0,0,0,0,2790,8474,18227,0.11148246,9058,1234
Cayuga,13021,1.042,59,0,0,0,0,0,2499,9209,20852,0.11148246,9844,522.5
Cayuga,13166,1.042,59,0,0,0,0,0,261,9283,3054,0.11148246,1633,69
Cayuga,13027,1.042,59,0,0,0,0,0,666,12285,14554,0.11148246,7804.5,256.5
Cayuga,13152,1.042,59,0,0,0,0,0,157,14070,4227,0.11148246,2146,84
Cayuga,13140,1.042,59,0,0,0,0,0,660,15457,4915,0.11148246,2410,144
Cayuga,13118,1.042,59,0,0,0,0,0,414,16718,6728,0.11148246,2746,149
Chautauqua,14081,0.973,107,1,1,1,0,1,158,5979,1139,0.14270867,538.6666667,48.66666667
Chautauqua,14747,0.973,107,1,1,1,0,1,137,7971,1218,0.14270867,644.5,31
Chautauqua,14716,0.973,107,1,1,1,0,1,310,11611,3641,0.14270867,1251,93
Chautauqua,14769,0.973,107,1,1,1,0,1,66,13448,1024,0.14270867,475,21
Chautauqua,14048,0.973,107,1,1,1,0,1,3104,16120,16097,0.14270867,7098,527
Chautauqua,14787,0.973,107,1,1,1,0,1,738,16230,5487,0.14270867,2731,205
Chautauqua,14701,0.973,107,1,1,1,0,1,7014,16565,42904,0.14270867,20916,1583
Chautauqua,14063,0.973,107,1,1,1,0,1,1972,16623,14690,0.14270867,7799,469
Chautauqua,14733,0.973,107,1,1,1,0,1,397,16743,4019,0.14270867,1972,95
Chautauqua,14710,0.973,107,1,1,1,0,1,367,17128,3961,0.14270867,1958,75
Chautauqua,14136,0.973,107,1,1,1,0,1,642,17860,5429,0.14270867,2675,109
Chautauqua,14712,0.973,107,1,1,1,0,1,273,20489,3533,0.14270867,1735,67
Chautauqua,14750,0.973,107,1,1,1,0,1,201,25565,4623,0.14270867,2370,105
Chemung,14892,0.971,63,0,0,0,0,0,419,7821,4129,0.13331863,2015.5,128
Chemung,14864,0.971,63,0,0,0,0,0,109,8560,714,0.13331863,316,7.5
Chemung,14845,0.971,63,0,0,0,0,0,550,10883,9946,0.13331863,4967.5,271
Chemung,14871,0.971,63,0,0,0,0,0,116,11012,2454,0.13331863,1298.5,71.5
Chemung,14830,0.971,63,0,0,0,0,0,1033,11102,9671,0.13331863,4941.5,310.5
Chemung,14872,0.971,63,0,0,0,0,0,113,11894,480,0.13331863,212,16
Chemung,14901,0.971,63,0,0,0,0,0,3551,14242,17845,0.13331863,7196,1103
Chemung,14894,0.971,63,0,0,0,0,0,161,14550,2531,0.13331863,745,38
Chemung,14904,0.971,63,0,0,0,0,0,3225,14982,16862,0.13331863,7888,811
Chemung,14903,0.971,63,0,0,0,0,0,638,18920,7600,0.13331863,3658,216
Chemung,14905,0.971,63,0,0,0,0,0,969,24269,9407,0.13331863,4599,224
Chenango,13733,1.042,37,0,0,0,0,0,267,8448,2437,0.14772727,1160,55.5
Chenango,13815,1.042,37,0,0,0,0,0,2164,17616,14019,0.14772727,6471,303
Clinton,12981,1.042,43,0,0,0,0,0,157,9242,1337,0.13457682,622,35.5
Clinton,12901,1.042,43,0,0,0,0,0,5121,17908,32253,0.13457682,15947,854
Clinton,12935,1.042,43,0,0,0,0,0,332,17955,5494,0.13457682,1157,108
Clinton,12962,1.042,43,0,0,0,0,0,646,19394,5967,0.13457682,3008,236
Clinton,12918,1.042,43,0,0,0,0,0,187,19438,2781,0.13457682,1368,62
Clinton,12903,1.042,43,0,0,0,0,0,0,30150,44,0.13457682,10,0
Columbia,12571,1.042,59,0,0,0,0,0,291,9583,5917,0.09742795,2403.5,78
Columbia,12184,1.042,59,0,0,0,0,0,195,12150,3637,0.09742795,1857.5,40.5
Columbia,12534,1.042,59,0,0,0,0,0,2584,18083,18686,0.09742795,8427,398
Columbia,12173,1.042,59,0,0,0,0,0,135,19733,2357,0.09742795,1288,27
Columbia,12130,1.042,59,0,0,0,0,0,57,20546,899,0.09742795,483,24
Columbia,12106,1.042,59,0,0,0,0,0,90,26176,2297,0.09742795,1270,60
Columbia,12513,1.042,59,0,0,0,0,0,42,31407,1043,0.09742795,488,9
Cortland,13045,1.042,12,0,0,0,0,0,1726,5325,9725,0.14088257,4898.666667,495.6666667
Cortland,13077,1.042,12,0,0,0,0,0,296,9629,3412,0.14088257,1849.5,78.5
Cortland,13053,1.042,12,0,0,0,0,0,253,9689,2207,0.14088257,1220.5,55.5
Cortland,13101,1.042,12,0,0,0,0,0,212,19362,2309,0.14088257,1198,91
Delaware,13820,1.042,41,0,0,0,0,0,1940,7480,10529,0.15023589,5843.5,1366
Delaware,13838,1.042,41,0,0,0,0,0,406,7972,2478,0.15023589,999.5,59
Delaware,13733,1.042,41,0,0,0,0,0,267,8448,2437,0.15023589,1160,55.5
Delaware,13849,1.042,41,0,0,0,0,0,297,8563,2576,0.15023589,1255.5,55
Delaware,13856,1.042,41,0,0,0,0,0,784,16781,6568,0.15023589,3222,176
Dutchess,12571,1.138,536,5,9,11,10,7,291,9583,5917,0.07283051,2403.5,78
Dutchess,12531,1.138,536,5,9,11,10,7,11,12472,1526,0.07283051,722.5,14
Dutchess,12582,1.138,536,5,9,11,10,7,68,13798,2275,0.07283051,1154.5,11.5
Dutchess,12533,1.138,536,5,9,11,10,7,456,14187,11127,0.07283051,5569.5,235
Dutchess,12601,1.138,536,5,9,11,10,7,7168,16657,43130,0.07283051,20745,3216
Dutchess,12508,1.138,536,5,9,11,10,7,1630,19294,19487,0.07283051,8318,419
Dutchess,12538,1.138,536,5,9,11,10,7,680,22421,12653,0.07283051,6190,263
Dutchess,12524,1.138,536,5,9,11,10,7,618,25324,14045,0.07283051,6452,256
Dutchess,12569,1.138,536,5,9,11,10,7,522,25492,8842,0.07283051,4538,155
Dutchess,12540,1.138,536,5,9,11,10,7,158,25647,6633,0.07283051,3420,97
Dutchess,12590,1.138,536,5,9,11,10,7,1445,25831,33523,0.07283051,17842,620
Dutchess,12603,1.138,536,5,9,11,10,7,2013,26041,41667,0.07283051,21596,893
Dutchess,12570,1.138,536,5,9,11,10,7,104,28029,5884,0.07283051,3000,92
Dutchess,12572,1.138,536,5,9,11,10,7,831,28728,9960,0.07283051,4933,324
Dutchess,12564,1.138,536,5,9,11,10,7,269,30054,6644,0.07283051,3380,145
Erie,14030,0.981,1265,42,49,26,37,41,40,5716,539,0.12046953,295.6666667,8.666666667
Erie,14081,0.981,1265,42,49,26,37,41,158,5979,1139,0.12046953,538.6666667,48.66666667
Erie,14001,0.981,1265,42,49,26,37,41,137,6085,3096,0.12046953,1625.666667,52.33333333
Erie,14004,0.981,1265,42,49,26,37,41,217,6103,4080,0.12046953,1838,89
Erie,14070,0.981,1265,42,49,26,37,41,380,8066,2868,0.12046953,1416,116.5
Erie,14141,0.981,1265,42,49,26,37,41,255,9135,3929,0.12046953,1906.5,92.5
Erie,14203,0.981,1265,42,49,26,37,41,449,9964,1009,0.12046953,367,96
Erie,14212,0.981,1265,42,49,26,37,41,5745,11058,15364,0.12046953,5773,939
Erie,14213,0.981,1265,42,49,26,37,41,10095,11254,26080,0.12046953,10287,1388
Erie,14211,0.981,1265,42,49,26,37,41,9673,11800,29590,0.12046953,11367,1638
Erie,14204,0.981,1265,42,49,26,37,41,3697,12369,10040,0.12046953,3698,707
Erie,14034,0.981,1265,42,49,26,37,41,185,12815,6105,0.12046953,1056,62
Erie,14208,0.981,1265,42,49,26,37,41,3524,12834,13207,0.12046953,5397,1417
Erie,14201,0.981,1265,42,49,26,37,41,5603,13049,13609,0.12046953,5421,911
Erie,14210,0.981,1265,42,49,26,37,41,3435,13317,16681,0.12046953,7676,623
Erie,14207,0.981,1265,42,49,26,37,41,5580,13770,22986,0.12046953,10113,1196
Erie,14215,0.981,1265,42,49,26,37,41,9794,14952,44484,0.12046953,19468,1924
Erie,14206,0.981,1265,42,49,26,37,41,3768,15685,22988,0.12046953,10115,904
Erie,14214,0.981,1265,42,49,26,37,41,4733,16492,21860,0.12046953,11891,2160
Erie,14091,0.981,1265,42,49,26,37,41,179,16724,1135,0.12046953,501,21
Erie,14218,0.981,1265,42,49,26,37,41,3134,16923,20203,0.12046953,9088,632
Erie,14026,0.981,1265,42,49,26,37,41,19,17301,722,0.12046953,353,0
Erie,14220,0.981,1265,42,49,26,37,41,2952,17361,26550,0.12046953,12988,743
Erie,14006,0.981,1265,42,49,26,37,41,976,17618,10884,0.12046953,5316,361
Erie,14068,0.981,1265,42,49,26,37,41,361,17663,10027,0.12046953,5869,2242
Erie,14225,0.981,1265,42,49,26,37,41,2760,18898,35893,0.12046953,17722,809
Erie,14219,0.981,1265,42,49,26,37,41,957,19301,13050,0.12046953,6849,301
Erie,14150,0.981,1265,42,49,26,37,41,3419,19965,44535,0.12046953,22776,1056
Erie,14025,0.981,1265,42,49,26,37,41,195,20333,3141,0.12046953,1625,70
Erie,14043,0.981,1265,42,49,26,37,41,1298,20670,26537,0.12046953,14273,506
Erie,14228,0.981,1265,42,49,26,37,41,2090,20711,19713,0.12046953,11094,1822
Erie,14209,0.981,1265,42,49,26,37,41,2289,20777,8547,0.12046953,4001,277
Erie,14224,0.981,1265,42,49,26,37,41,1817,20791,40509,0.12046953,20827,856
Erie,14223,0.981,1265,42,49,26,37,41,1386,20970,24094,0.12046953,11838,397
Erie,14227,0.981,1265,42,49,26,37,41,1107,20971,24573,0.12046953,13087,625
Erie,14216,0.981,1265,42,49,26,37,41,2734,21035,23587,0.12046953,12318,618
Erie,14047,0.981,1265,42,49,26,37,41,267,21432,6833,0.12046953,3731,122
Erie,14217,0.981,1265,42,49,26,37,41,1486,21551,24692,0.12046953,12634,581
Erie,14086,0.981,1265,42,49,26,37,41,958,22232,28516,0.12046953,15469,511
Erie,14202,0.981,1265,42,49,26,37,41,559,22322,4136,0.12046953,1332,98
Erie,14075,0.981,1265,42,49,26,37,41,1809,22409,42082,0.12046953,22339,946
Erie,14057,0.981,1265,42,49,26,37,41,208,23246,8276,0.12046953,4186,211
Erie,14222,0.981,1265,42,49,26,37,41,2382,24201,14365,0.12046953,9132,1203
Erie,14085,0.981,1265,42,49,26,37,41,98,24242,5565,0.12046953,2945,172
Erie,14059,0.981,1265,42,49,26,37,41,273,24540,8937,0.12046953,4496,149
Erie,14032,0.981,1265,42,49,26,37,41,30,25411,5553,0.12046953,2743,97
Erie,14052,0.981,1265,42,49,26,37,41,510,25684,18248,0.12046953,9176,350
Erie,14072,0.981,1265,42,49,26,37,41,559,25816,18621,0.12046953,10280,315
Erie,14226,0.981,1265,42,49,26,37,41,2243,26771,29382,0.12046953,14955,664
Erie,14127,0.981,1265,42,49,26,37,41,873,28859,27762,0.12046953,14111,519
Erie,14221,0.981,1265,42,49,26,37,41,2100,30597,51448,0.12046953,25402,945
Erie,14031,0.981,1265,42,49,26,37,41,266,31307,8769,0.12046953,4180,193
Erie,14051,0.981,1265,42,49,26,37,41,411,39841,17991,0.12046953,9579,219
Essex,12983,1.042,27,0,0,0,0,0,434,9314,3574,0.10925618,1935.5,76.5
Essex,12883,1.042,27,0,0,0,0,0,784,16418,5160,0.10925618,2293,160
Essex,12946,1.042,27,0,0,0,0,0,621,19445,8098,0.10925618,3312,112
Franklin,12986,1.042,31,0,0,0,0,0,416,7965,3254,0.10030694,1576,104
Franklin,12981,1.042,31,0,0,0,0,0,157,9242,1337,0.10030694,622,35.5
Franklin,12983,1.042,31,0,0,0,0,0,434,9314,3574,0.10030694,1935.5,76.5
Franklin,12953,1.042,31,0,0,0,0,0,1444,17129,16270,0.10030694,5375,409
Fulton,12010,1.042,34,0,0,0,0,0,863,4393,7136,0.13129828,3220.5,167.25
Fulton,13339,1.042,34,0,0,0,0,0,326,5070,2262,0.13129828,1076.666667,73.33333333
Fulton,12095,1.042,34,0,0,0,0,0,722,8419,6456,0.13129828,2879,149.5
Fulton,12068,1.042,34,0,0,0,0,0,201,8624,2000,0.13129828,989.5,63
Fulton,12070,1.042,34,0,0,0,0,0,55,10277,638,0.13129828,367,11
Fulton,12078,1.042,34,0,0,0,0,0,3514,16445,23853,0.13129828,11274,807
Fulton,12117,1.042,34,0,0,0,0,0,302,17507,3223,0.13129828,1559,73
Genesee,14001,1.042,36,0,0,0,0,0,137,6085,3096,0.07755949,1625.666667,52.33333333
Genesee,14004,1.042,36,0,0,0,0,0,217,6103,4080,0.07755949,1838,89
Genesee,14482,1.042,36,0,0,0,0,0,156,6512,3066,0.07755949,1683.333333,67.33333333
Genesee,14011,1.042,36,0,0,0,0,0,224,8830,4085,0.07755949,1523.5,87.5
Genesee,14416,1.042,36,0,0,0,0,0,82,10359,1938,0.07755949,1123,41
Genesee,14428,1.042,36,0,0,0,0,0,113,11696,3770,0.07755949,2057.5,77
Genesee,14020,1.042,36,0,0,0,0,0,2466,18350,23055,0.07755949,11185,509
Genesee,14005,1.042,36,0,0,0,0,0,83,22420,1753,0.07755949,919,35
Greene,12143,1.042,58,0,0,0,0,0,175,10499,2674,0.10852494,1482,55
Greene,12051,1.042,58,0,0,0,0,0,532,16730,6905,0.10852494,1989,129
Greene,12482,1.042,58,0,0,0,0,0,9,17810,452,0.10852494,177,29
Greene,12414,1.042,58,0,0,0,0,0,1679,18144,11641,0.10852494,5598,347
Greene,12451,1.042,58,0,0,0,0,0,217,20957,1496,0.10852494,726,22
Greene,12192,1.042,58,0,0,0,0,0,182,21600,2270,0.10852494,1160,23
Greene,12015,1.042,58,0,0,0,0,0,274,23059,2832,0.10852494,1361,65
Herkimer,13339,1.042,26,0,0,0,0,0,326,5070,2262,0.15007611,1076.666667,73.33333333
Herkimer,13322,1.042,26,0,0,0,0,0,75,7684,552,0.15007611,279,11.5
Herkimer,13367,1.042,26,0,0,0,0,0,510,7884,4218,0.15007611,1893,114
Herkimer,13502,1.042,26,0,0,0,0,0,2844,8053,16753,0.15007611,7784.5,500.5
Herkimer,13501,1.042,26,0,0,0,0,0,4551,8165,18038,0.15007611,7608.5,690
Herkimer,13456,1.042,26,0,0,0,0,0,108,9570,2139,0.15007611,1089,35
Herkimer,13413,1.042,26,0,0,0,0,0,421,13159,7936,0.15007611,3786.5,105
Herkimer,13357,1.042,26,0,0,0,0,0,1684,14830,11555,0.15007611,5602,355
Herkimer,13365,1.042,26,0,0,0,0,0,1277,15860,8926,0.15007611,4255,268
Herkimer,13407,1.042,26,0,0,0,0,0,519,16010,5724,0.15007611,2898,229
Herkimer,13340,1.042,26,0,0,0,0,0,859,16541,7937,0.15007611,3940,223
Herkimer,13350,1.042,26,0,0,0,0,0,1221,17323,9878,0.15007611,4743,391
Jefferson,13642,1.042,61,1,1,0,0,2,811,7047,5165,0.1307893,1989,179.5
Jefferson,13619,1.042,61,1,1,0,0,2,854,7396,5556,0.1307893,2544.5,214.5
Jefferson,13603,1.042,61,1,1,0,0,2,477,11282,7498,0.1307893,3294,225
Jefferson,13616,1.042,61,1,1,0,0,2,287,12342,2341,0.1307893,1070,82
Jefferson,13637,1.042,61,1,1,0,0,2,546,13741,3849,0.1307893,1944,154
Jefferson,13638,1.042,61,1,1,0,0,2,53,14964,363,0.1307893,149,11
Jefferson,13612,1.042,61,1,1,0,0,2,317,16307,2711,0.1307893,1273,90
Jefferson,13602,1.042,61,1,1,0,0,2,0,16774,4651,0.1307893,4651,21
Jefferson,13601,1.042,61,1,1,0,0,2,5744,17156,36990,0.1307893,16994,1227
Jefferson,13615,1.042,61,1,1,0,0,2,86,18862,1027,0.1307893,525,33
Kings,11237,1.223,23077,479,408,437,371,343,18286,9902,48910,0.24762486,18407,2852
Kings,11206,1.223,23077,479,408,437,371,343,27603,10073,69032,0.24762486,23542,4440
Kings,11212,1.223,23077,479,408,437,371,343,32016,10666,85161,0.24762486,30322,6153
Kings,11221,1.223,23077,479,408,437,371,343,26893,10890,76363,0.24762486,26905,4987
Kings,11207,1.223,23077,479,408,437,371,343,30643,11008,86551,0.24762486,31693,5659
Kings,11208,1.223,23077,479,408,437,371,343,27315,11110,87165,0.24762486,31567,5005
Kings,11211,1.223,23077,479,408,437,371,343,35020,11270,85089,0.24762486,30424,3372
Kings,11233,1.223,23077,479,408,437,371,343,22894,11862,61955,0.24762486,22911,4183
Kings,11232,1.223,23077,479,408,437,371,343,7334,12391,27723,0.24762486,11052,1032
Kings,11213,1.223,23077,479,408,437,371,343,18353,12590,65440,0.24762486,25848,4175
Kings,11219,1.223,23077,479,408,437,371,343,27846,12678,85987,0.24762486,28604,2130
Kings,11239,1.223,23077,479,408,437,371,343,4337,12845,14620,0.24762486,4739,591
Kings,11226,1.223,23077,479,408,437,371,343,26950,13052,106154,0.24762486,48334,6683
Kings,11220,1.223,23077,479,408,437,371,343,25786,13141,92718,0.24762486,38552,3422
Kings,11224,1.223,23077,479,408,437,371,343,16133,14001,51205,0.24762486,16638,2163
Kings,11216,1.223,23077,479,408,437,371,343,16250,14620,55775,0.24762486,23381,3365
Kings,11225,1.223,23077,479,408,437,371,343,14985,15697,63774,0.24762486,29457,3797
Kings,11204,1.223,23077,479,408,437,371,343,15889,15777,74880,0.24762486,29308,1849
Kings,11205,1.223,23077,479,408,437,371,343,11967,15784,35622,0.24762486,15253,3102
Kings,11203,1.223,23077,479,408,437,371,343,14634,16026,84498,0.24762486,39981,4949
Kings,11223,1.223,23077,479,408,437,371,343,17729,16434,77691,0.24762486,29964,2483
Kings,11218,1.223,23077,479,408,437,371,343,17690,16558,74611,0.24762486,31852,2439
Kings,11230,1.223,23077,479,408,437,371,343,18648,16782,88933,0.24762486,34220,2723
Kings,11236,1.223,23077,479,408,437,371,343,15003,16983,96301,0.24762486,43307,4201
Kings,11214,1.223,23077,479,408,437,371,343,16453,17156,83546,0.24762486,34492,2658
Kings,11222,1.223,23077,479,408,437,371,343,6956,17562,39360,0.24762486,20503,1441
Kings,11235,1.223,23077,479,408,437,371,343,15281,19173,77451,0.24762486,33026,2381
Kings,11210,1.223,23077,479,408,437,371,343,8577,19357,62308,0.24762486,28083,2689
Kings,11229,1.223,23077,479,408,437,371,343,12642,19357,80554,0.24762486,33744,2065
Kings,11234,1.223,23077,479,408,437,371,343,8206,22362,86898,0.24762486,41939,2653
Kings,11228,1.223,23077,479,408,437,371,343,4722,22702,41172,0.24762486,17869,990
Kings,11238,1.223,23077,479,408,437,371,343,9173,22989,48965,0.24762486,26801,2662
Kings,11209,1.223,23077,479,408,437,371,343,8943,27216,69840,0.24762486,34841,2003
Kings,11231,1.223,23077,479,408,437,371,343,6754,30208,32974,0.24762486,17730,1233
Kings,11217,1.223,23077,479,408,437,371,343,5907,30482,35353,0.24762486,20601,1420
Kings,11215,1.223,23077,479,408,437,371,343,7706,32050,63001,0.24762486,37294,1878
Kings,11201,1.223,23077,479,408,437,371,343,8952,44779,47746,0.24762486,26328,1700
Lewis,13619,1.042,26,0,0,0,0,0,854,7396,5556,0.13955392,2544.5,214.5
Lewis,13367,1.042,26,0,0,0,0,0,510,7884,4218,0.13955392,1893,114
Livingston,14437,1.042,44,0,0,0,0,0,426,5137,4099,0.09426037,1696.666667,136
Livingston,14482,1.042,44,0,0,0,0,0,156,6512,3066,0.09426037,1683.333333,67.33333333
Livingston,14472,1.042,44,0,0,0,0,0,61,11456,2713,0.09426037,1478.333333,29.66666667
Livingston,14481,1.042,44,0,0,0,0,0,71,7150,1838,0.09426037,469,18
Livingston,14530,1.042,44,0,0,0,0,0,262,9385,2890,0.09426037,1515,131.5
Livingston,14485,1.042,44,0,0,0,0,0,99,9397,2297,0.09426037,1388,67.5
Livingston,14423,1.042,44,0,0,0,0,0,113,9705,2477,0.09426037,1329.5,66.5
Livingston,14487,1.042,44,0,0,0,0,0,135,10043,2893,0.09426037,1495.5,47.5
Livingston,14414,1.042,44,0,0,0,0,0,221,11016,3214,0.09426037,1755,70.5
Livingston,14546,1.042,44,0,0,0,0,0,100,12338,2740,0.09426037,1598.5,90.5
Livingston,14510,1.042,44,0,0,0,0,0,612,15785,5094,0.09426037,2516,235
Livingston,14454,1.042,44,0,0,0,0,0,1925,15912,10207,0.09426037,5355,408
Livingston,14480,1.042,44,0,0,0,0,0,84,18122,641,0.09426037,372,18
Livingston,14435,1.042,44,0,0,0,0,0,156,23058,2733,0.09426037,1433,102
Madison,13082,1.042,26,0,0,0,0,0,194,9804,2506,0.0811309,1298.5,54
Madison,13421,1.042,26,0,0,0,0,0,795,9899,6596,0.0811309,3250.5,240
Madison,13037,1.042,26,0,0,0,0,0,291,10081,4386,0.0811309,2276.5,107
Madison,13030,1.042,26,0,0,0,0,0,177,10381,2136,0.0811309,1107,78
Madison,13035,1.042,26,0,0,0,0,0,165,13715,4033,0.0811309,2154.5,176.5
Madison,13104,1.042,26,0,0,0,0,0,307,16941,7207,0.0811309,3574.5,123
Madison,13346,1.042,26,0,0,0,0,0,573,16856,5735,0.0811309,2667,139
Madison,13032,1.042,26,0,0,0,0,0,1151,18578,12427,0.0811309,6387,466
Monroe,14482,1.046,1507,40,31,39,27,44,156,6512,3066,0.11229115,1683.333333,67.33333333
Monroe,14472,1.046,1507,40,31,39,27,44,61,11456,2713,0.11229115,1478.333333,29.66666667
Monroe,14470,1.046,1507,40,31,39,27,44,299,7961,4477,0.11229115,1929,92
Monroe,14464,1.046,1507,40,31,39,27,44,218,9048,3819,0.11229115,1981,81.5
Monroe,14420,1.046,1507,40,31,39,27,44,859,9180,9654,0.11229115,5449.5,510.5
Monroe,14423,1.046,1507,40,31,39,27,44,113,9705,2477,0.11229115,1329.5,66.5
Monroe,14416,1.046,1507,40,31,39,27,44,82,10359,1938,0.11229115,1123,41
Monroe,14502,1.046,1507,40,31,39,27,44,296,10418,4599,0.11229115,2621.5,65
Monroe,14414,1.046,1507,40,31,39,27,44,221,11016,3214,0.11229115,1755,70.5
Monroe,14428,1.046,1507,40,31,39,27,44,113,11696,3770,0.11229115,2057.5,77
Monroe,14546,1.046,1507,40,31,39,27,44,100,12338,2740,0.11229115,1598.5,90.5
Monroe,14580,1.046,1507,40,31,39,27,44,846,13398,21912,0.11229115,11588.5,386
Monroe,14564,1.046,1507,40,31,39,27,44,151,15175,4952,0.11229115,2615,56
Monroe,14534,1.046,1507,40,31,39,27,44,246,20933,15135,0.11229115,7270.5,186.5
Monroe,14605,1.046,1507,40,31,39,27,44,6322,8838,14418,0.11229115,4951,1018
Monroe,14611,1.046,1507,40,31,39,27,44,6078,11398,19774,0.11229115,7519,954
Monroe,14621,1.046,1507,40,31,39,27,44,11360,12235,35977,0.11229115,13390,1612
Monroe,14608,1.046,1507,40,31,39,27,44,4990,12270,12362,0.11229115,5108,783
Monroe,14604,1.046,1507,40,31,39,27,44,867,13655,1683,0.11229115,745,86
Monroe,14613,1.046,1507,40,31,39,27,44,3517,13986,15078,0.11229115,6645,620
Monroe,14614,1.046,1507,40,31,39,27,44,43,14564,926,0.11229115,53,40
Monroe,14619,1.046,1507,40,31,39,27,44,2214,16922,14754,0.11229115,7461,621
Monroe,14606,1.046,1507,40,31,39,27,44,4498,17111,29187,0.11229115,14276,1010
Monroe,14623,1.046,1507,40,31,39,27,44,3171,17125,27387,0.11229115,15623,2183
Monroe,14609,1.046,1507,40,31,39,27,44,7501,17566,43665,0.11229115,20973,1473
Monroe,14620,1.046,1507,40,31,39,27,44,4389,18186,28094,0.11229115,14802,1801
Monroe,14514,1.046,1507,40,31,39,27,44,205,18888,4722,0.11229115,2439,134
Monroe,14616,1.046,1507,40,31,39,27,44,2169,19523,27119,0.11229115,13866,532
Monroe,14445,1.046,1507,40,31,39,27,44,786,20427,8179,0.11229115,4625,226
Monroe,14468,1.046,1507,40,31,39,27,44,617,21645,16526,0.11229115,8732,351
Monroe,14615,1.046,1507,40,31,39,27,44,1870,21682,16158,0.11229115,8273,548
Monroe,14622,1.046,1507,40,31,39,27,44,611,22318,12027,0.11229115,6135,220
Monroe,14467,1.046,1507,40,31,39,27,44,569,22879,8738,0.11229115,4889,163
Monroe,14559,1.046,1507,40,31,39,27,44,565,23659,15919,0.11229115,8465,329
Monroe,14612,1.046,1507,40,31,39,27,44,1673,23663,35665,0.11229115,19010,740
Monroe,14586,1.046,1507,40,31,39,27,44,205,23686,6197,0.11229115,3685,71
Monroe,14626,1.046,1507,40,31,39,27,44,1070,23687,29120,0.11229115,14983,610
Monroe,14624,1.046,1507,40,31,39,27,44,1484,24362,38231,0.11229115,20197,921
Monroe,14617,1.046,1507,40,31,39,27,44,688,25911,22967,0.11229115,11193,333
Monroe,14607,1.046,1507,40,31,39,27,44,2710,26193,16297,0.11229115,11468,415
Monroe,14526,1.046,1507,40,31,39,27,44,741,30008,19789,0.11229115,10565,347
Monroe,14625,1.046,1507,40,31,39,27,44,373,30902,10792,0.11229115,5691,102
Monroe,14450,1.046,1507,40,31,39,27,44,1259,30939,40748,0.11229115,22667,701
Monroe,14506,1.046,1507,40,31,39,27,44,67,34600,1289,0.11229115,669,16
Monroe,14618,1.046,1507,40,31,39,27,44,683,35036,22387,0.11229115,12059,558
Monroe,14610,1.046,1507,40,31,39,27,44,1006,36098,14534,0.11229115,7774,270
Montgomery,12010,1.042,52,0,0,0,0,0,863,4393,7136,0.10856118,3220.5,167.25
Montgomery,13339,1.042,52,0,0,0,0,0,326,5070,2262,0.10856118,1076.666667,73.33333333
Montgomery,12095,1.042,52,0,0,0,0,0,722,8419,6456,0.10856118,2879,149.5
Montgomery,12068,1.042,52,0,0,0,0,0,201,8624,2000,0.10856118,989.5,63
Montgomery,12070,1.042,52,0,0,0,0,0,55,10277,638,0.10856118,367,11
Montgomery,12086,1.042,52,0,0,0,0,0,56,10292,777,0.10856118,435,8.5
Montgomery,13317,1.042,52,0,0,0,0,0,430,16678,3809,0.10856118,1809,132
Montgomery,12072,1.042,52,0,0,0,0,0,163,17464,2545,0.10856118,1258,62
Montgomery,13428,1.042,52,0,0,0,0,0,150,17497,1698,0.10856118,773,56
Nassau,11735,1.379,2042,53,36,32,42,24,632,13116,16080,0.05214898,8166.5,285.5
Nassau,11001,1.379,2042,53,36,32,42,24,371,14710,12756,0.05214898,6361.5,185
Nassau,11040,1.379,2042,53,36,32,42,24,494,15301,19579,0.05214898,9054.5,238.5
Nassau,11042,1.379,2042,53,36,32,42,24,0,12881,513,0.05214898,0,0
Nassau,11096,1.379,2042,53,36,32,42,24,1175,16087,7975,0.05214898,3383,208
Nassau,11550,1.379,2042,53,36,32,42,24,9202,16134,59022,0.05214898,27612,1895
Nassau,11575,1.379,2042,53,36,32,42,24,2276,17349,15975,0.05214898,7265,477
Nassau,11553,1.379,2042,53,36,32,42,24,1981,19044,23452,0.05214898,10998,632
Nassau,11520,1.379,2042,53,36,32,42,24,4680,21201,44026,0.05214898,21837,1091
Nassau,11003,1.379,2042,53,36,32,42,24,2832,22206,40507,0.05214898,19548,1065
Nassau,11590,1.379,2042,53,36,32,42,24,3271,24151,42507,0.05214898,21692,1002
Nassau,11010,1.379,2042,53,36,32,42,24,1179,24761,24778,0.05214898,11643,279
Nassau,11580,1.379,2042,53,36,32,42,24,1471,24926,37759,0.05214898,18438,710
Nassau,11756,1.379,2042,53,36,32,42,24,1253,24963,43952,0.05214898,22947,833
Nassau,11548,1.379,2042,53,36,32,42,24,73,25805,2514,0.05214898,1364,125
Nassau,11552,1.379,2042,53,36,32,42,24,1090,26100,23309,0.05214898,11281,522
Nassau,11558,1.379,2042,53,36,32,42,24,679,26655,8553,0.05214898,4093,192
Nassau,11801,1.379,2042,53,36,32,42,24,1423,26677,39449,0.05214898,19932,617
Nassau,11542,1.379,2042,53,36,32,42,24,2373,26818,27693,0.05214898,13328,678
Nassau,11554,1.379,2042,53,36,32,42,24,1369,27076,37458,0.05214898,17824,580
Nassau,11714,1.379,2042,53,36,32,42,24,887,27813,23012,0.05214898,11436,300
Nassau,11563,1.379,2042,53,36,32,42,24,889,28002,23231,0.05214898,11664,433
Nassau,11518,1.379,2042,53,36,32,42,24,406,28703,11202,0.05214898,5811,152
Nassau,11501,1.379,2042,53,36,32,42,24,797,28888,19111,0.05214898,10260,336
Nassau,11547,1.379,2042,53,36,32,42,24,25,28988,666,0.05214898,346,6
Nassau,11783,1.379,2042,53,36,32,42,24,712,29059,22162,0.05214898,11180,302
Nassau,11758,1.379,2042,53,36,32,42,24,1590,29229,54933,0.05214898,27124,877
Nassau,11510,1.379,2042,53,36,32,42,24,1466,29565,32346,0.05214898,16511,591
Nassau,11710,1.379,2042,53,36,32,42,24,1041,29577,34463,0.05214898,17342,469
Nassau,11762,1.379,2042,53,36,32,42,24,422,29666,24471,0.05214898,11605,286
Nassau,11581,1.379,2042,53,36,32,42,24,548,29897,20094,0.05214898,9850,231
Nassau,11572,1.379,2042,53,36,32,42,24,1126,30078,31241,0.05214898,15262,652
Nassau,11793,1.379,2042,53,36,32,42,24,556,30701,32753,0.05214898,16344,552
Nassau,11516,1.379,2042,53,36,32,42,24,369,30926,7068,0.05214898,3451,54
Nassau,11514,1.379,2042,53,36,32,42,24,284,31102,5214,0.05214898,2644,104
Nassau,11565,1.379,2042,53,36,32,42,24,143,31288,9140,0.05214898,4955,163
Nassau,11561,1.379,2042,53,36,32,42,24,3344,32127,39582,0.05214898,21159,1140
Nassau,11709,1.379,2042,53,36,32,42,24,332,33665,7135,0.05214898,3558,93
Nassau,11566,1.379,2042,53,36,32,42,24,1184,34256,35606,0.05214898,18218,560
Nassau,11596,1.379,2042,53,36,32,42,24,337,34912,10572,0.05214898,5205,150
Nassau,11804,1.379,2042,53,36,32,42,24,158,35634,5014,0.05214898,2371,52
Nassau,11803,1.379,2042,53,36,32,42,24,878,36178,27767,0.05214898,14213,449
Nassau,11507,1.379,2042,53,36,32,42,24,245,36217,7755,0.05214898,3541,79
Nassau,11732,1.379,2042,53,36,32,42,24,142,38073,3804,0.05214898,2073,45
Nassau,11569,1.379,2042,53,36,32,42,24,199,39669,1559,0.05214898,839,43
Nassau,11570,1.379,2042,53,36,32,42,24,1418,40039,27827,0.05214898,14156,414
Nassau,11579,1.379,2042,53,36,32,42,24,148,41608,5141,0.05214898,2900,53
Nassau,11559,1.379,2042,53,36,32,42,24,585,44078,8103,0.05214898,3476,86
Nassau,11509,1.379,2042,53,36,32,42,24,106,44249,2861,0.05214898,1361,16
Nassau,11791,1.379,2042,53,36,32,42,24,677,46787,24445,0.05214898,12073,309
Nassau,11021,1.379,2042,53,36,32,42,24,1012,47044,19623,0.05214898,9952,300
Nassau,11598,1.379,2042,53,36,32,42,24,523,47146,13226,0.05214898,5999,74
Nassau,11050,1.379,2042,53,36,32,42,24,1556,47448,28545,0.05214898,14601,437
Nassau,11577,1.379,2042,53,36,32,42,24,448,47964,12176,0.05214898,5798,182
Nassau,11753,1.379,2042,53,36,32,42,24,528,48578,11648,0.05214898,5726,203
Nassau,11530,1.379,2042,53,36,32,42,24,705,49438,26482,0.05214898,12012,384
Nassau,11023,1.379,2042,53,36,32,42,24,506,49489,8501,0.05214898,3799,67
Nassau,11771,1.379,2042,53,36,32,42,24,601,51992,9550,0.05214898,4637,137
Nassau,11557,1.379,2042,53,36,32,42,24,279,52872,7966,0.05214898,3633,79
Nassau,11024,1.379,2042,53,36,32,42,24,509,55105,7564,0.05214898,3220,194
Nassau,11560,1.379,2042,53,36,32,42,24,347,57018,6815,0.05214898,3419,79
Nassau,11797,1.379,2042,53,36,32,42,24,271,58312,9005,0.05214898,3933,58
Nassau,11020,1.379,2042,53,36,32,42,24,68,59223,4043,0.05214898,1846,13
Nassau,11545,1.379,2042,53,36,32,42,24,355,61914,12073,0.05214898,5467,143
Nassau,11576,1.379,2042,53,36,32,42,24,247,63572,11810,0.05214898,5866,158
Nassau,11030,1.379,2042,53,36,32,42,24,719,68697,17148,0.05214898,7617,194
Nassau,11568,1.379,2042,53,36,32,42,24,105,72932,3992,0.05214898,1983,431
Nassau,11765,1.379,2042,53,36,32,42,24,22,77420,732,0.05214898,290,10
New_York,10463,1.223,28300,718,648,587,588,517,5521,11485,32788,0.19293629,14326.5,1276.5
New_York,10001,1.223,28300,718,648,587,588,517,3433,34704,17310,0.19293629,10366,1254
New_York,10002,1.223,28300,718,648,587,588,517,24651,14236,84870,0.19293629,38511,4316
New_York,10003,1.223,28300,718,648,587,588,517,5916,53591,53673,0.19293629,38041,2367
New_York,10004,1.223,28300,718,648,587,588,517,156,60329,1225,0.19293629,944,43
New_York,10005,1.223,28300,718,648,587,588,517,85,62160,884,0.19293629,773,31
New_York,10006,1.223,28300,718,648,587,588,517,222,57470,1447,0.19293629,1123,58
New_York,10007,1.223,28300,718,648,587,588,517,134,68375,3522,0.19293629,2007,171
New_York,10009,1.223,28300,718,648,587,588,517,12937,27460,58595,0.19293629,31250,2165
New_York,10010,1.223,28300,718,648,587,588,517,2323,56562,26408,0.19293629,17408,925
New_York,10011,1.223,28300,718,648,587,588,517,4476,62290,46669,0.19293629,32714,1684
New_York,10012,1.223,28300,718,648,587,588,517,3375,48188,26000,0.19293629,17123,986
New_York,10013,1.223,28300,718,648,587,588,517,4801,40820,25042,0.19293629,13793,1474
New_York,10014,1.223,28300,718,648,587,588,517,1998,69391,32667,0.19293629,24453,1023
New_York,10016,1.223,28300,718,648,587,588,517,5242,62344,51217,0.19293629,35580,1498
New_York,10017,1.223,28300,718,648,587,588,517,1228,68398,16201,0.19293629,12166,491
New_York,10018,1.223,28300,718,648,587,588,517,912,38762,4255,0.19293629,3190,455
New_York,10019,1.223,28300,718,648,587,588,517,4626,62214,36012,0.19293629,24334,1281
New_York,10021,1.223,28300,718,648,587,588,517,5309,91064,102078,0.19293629,67090,1887
New_York,10022,1.223,28300,718,648,587,588,517,1495,95196,30642,0.19293629,20281,722
New_York,10023,1.223,28300,718,648,587,588,517,4505,79736,62206,0.19293629,41047,2047
New_York,10024,1.223,28300,718,648,587,588,517,4936,77824,61414,0.19293629,39448,1651
New_York,10025,1.223,28300,718,648,587,588,517,14219,37532,97086,0.19293629,55607,3719
New_York,10026,1.223,28300,718,648,587,588,517,10380,13924,30377,0.19293629,12202,2109
New_York,10027,1.223,28300,718,648,587,588,517,17597,16769,56168,0.19293629,24413,4716
New_York,10028,1.223,28300,718,648,587,588,517,2277,85866,44987,0.19293629,29954,778
New_York,10029,1.223,28300,718,648,587,588,517,26283,14558,75390,0.19293629,26941,4202
New_York,10030,1.223,28300,718,648,587,588,517,10355,12725,25847,0.19293629,10121,2216
New_York,10031,1.223,28300,718,648,587,588,517,20270,12144,60221,0.19293629,23801,4211
New_York,10032,1.223,28300,718,648,587,588,517,20033,12993,63842,0.19293629,25268,4396
New_York,10033,1.223,28300,718,648,587,588,517,15821,15640,58259,0.19293629,24971,3573
New_York,10034,1.223,28300,718,648,587,588,517,12071,13932,41756,0.19293629,17986,2149
New_York,10035,1.223,28300,718,648,587,588,517,13532,10457,32702,0.19293629,10884,2499
New_York,10036,1.223,28300,718,648,587,588,517,3423,38308,18751,0.19293629,12429,1199
New_York,10037,1.223,28300,718,648,587,588,517,4164,17512,16984,0.19293629,6934,1016
New_York,10038,1.223,28300,718,648,587,588,517,3620,25926,15574,0.19293629,7499,654
New_York,10039,1.223,28300,718,648,587,588,517,8614,11298,21737,0.19293629,7260,1453
New_York,10040,1.223,28300,718,648,587,588,517,13391,13297,46599,0.19293629,19181,2635
New_York,10044,1.223,28300,718,648,587,588,517,1258,26199,9520,0.19293629,4403,902
New_York,10048,1.223,28300,718,648,587,588,517,48,6386,55,0.19293629,0,0
New_York,10069,1.223,28300,718,648,587,588,517,40,90113,1403,0.19293629,1128,25
New_York,10128,1.223,28300,718,648,587,588,517,5189,72691,59856,0.19293629,38848,1612
New_York,10162,1.223,28300,718,648,587,588,517,75,84938,1726,0.19293629,1091,50
New_York,10280,1.223,28300,718,648,587,588,517,376,83639,6614,0.19293629,4751,115
New_York,10282,1.223,28300,718,648,587,588,517,79,82348,1574,0.19293629,1027,27
Niagara,14001,0.981,120,1,2,1,2,4,137,6085,3096,0.10709616,1625.666667,52.33333333
Niagara,14301,0.981,120,1,2,1,2,4,3603,12974,14257,0.10709616,6356,970
Niagara,14303,0.981,120,1,2,1,2,4,1838,13754,7128,0.10709616,2833,358
Niagara,14305,0.981,120,1,2,1,2,4,4314,15362,20319,0.10709616,8703,725
Niagara,14028,0.981,120,1,2,1,2,4,112,18579,1737,0.10709616,896,81
Niagara,14108,0.981,120,1,2,1,2,4,405,18901,5938,0.10709616,2834,98
Niagara,14304,0.981,120,1,2,1,2,4,2212,19090,30960,0.10709616,15350,844
Niagara,14132,0.981,120,1,2,1,2,4,273,20040,5572,0.10709616,2660,143
Niagara,14120,0.981,120,1,2,1,2,4,2697,20059,43144,0.10709616,22732,1143
Niagara,14094,0.981,120,1,2,1,2,4,4925,20799,51376,0.10709616,25504,1163
Niagara,14174,0.981,120,1,2,1,2,4,321,24448,5742,0.10709616,2868,87
Niagara,14092,0.981,120,1,2,1,2,4,624,25756,11121,0.10709616,5646,273
Oneida,13322,0.972,251,8,6,4,12,11,75,7684,552,0.11551667,279,11.5
Oneida,13502,0.972,251,8,6,4,12,11,2844,8053,16753,0.11551667,7784.5,500.5
Oneida,13501,0.972,251,8,6,4,12,11,4551,8165,18038,0.11551667,7608.5,690
Oneida,13456,0.972,251,8,6,4,12,11,108,9570,2139,0.11551667,1089,35
Oneida,13421,0.972,251,8,6,4,12,11,795,9899,6596,0.11551667,3250.5,240
Oneida,13413,0.972,251,8,6,4,12,11,421,13159,7936,0.11551667,3786.5,105
Oneida,13403,0.972,251,8,6,4,12,11,226,16162,7919,0.11551667,2283,19
Oneida,13318,0.972,251,8,6,4,12,11,90,16299,1429,0.11551667,787,34
Oneida,13054,0.972,251,8,6,4,12,11,152,16403,2162,0.11551667,1102,32
Oneida,13319,0.972,251,8,6,4,12,11,60,16423,1018,0.11551667,549,47
Oneida,13363,0.972,251,8,6,4,12,11,336,16479,2397,0.11551667,1039,54
Oneida,13424,0.972,251,8,6,4,12,11,187,16744,2744,0.11551667,1069,41
Oneida,13495,0.972,251,8,6,4,12,11,159,17472,2271,0.11551667,1070,32
Oneida,13476,0.972,251,8,6,4,12,11,305,18485,3219,0.11551667,1658,151
Oneida,13440,0.972,251,8,6,4,12,11,5158,19022,44797,0.11551667,20220,1268
Oneida,13341,0.972,251,8,6,4,12,11,0,19426,54,0.11551667,51,0
Oneida,13417,0.972,251,8,6,4,12,11,345,19803,3180,0.11551667,1465,77
Oneida,13492,0.972,251,8,6,4,12,11,769,20704,11555,0.11551667,5637,212
Oneida,13323,0.972,251,8,6,4,12,11,645,21158,11772,0.11551667,6208,520
Oneida,13461,0.972,251,8,6,4,12,11,68,22081,3179,0.11551667,1571,32
Onondaga,13036,1.012,709,13,13,19,18,15,413,9195,4231,0.12281693,2215,102
Onondaga,13021,1.012,709,13,13,19,18,15,2499,9209,20852,0.12281693,9844,522.5
Onondaga,13166,1.012,709,13,13,19,18,15,261,9283,3054,0.12281693,1633,69
Onondaga,13135,1.012,709,13,13,19,18,15,254,9398,2875,0.12281693,1405.5,70.5
Onondaga,13077,1.012,709,13,13,19,18,15,296,9629,3412,0.12281693,1849.5,78.5
Onondaga,13082,1.012,709,13,13,19,18,15,194,9804,2506,0.12281693,1298.5,54
Onondaga,13037,1.012,709,13,13,19,18,15,291,10081,4386,0.12281693,2276.5,107
Onondaga,13030,1.012,709,13,13,19,18,15,177,10381,2136,0.12281693,1107,78
Onondaga,13027,1.012,709,13,13,19,18,15,666,12285,14554,0.12281693,7804.5,256.5
Onondaga,13035,1.012,709,13,13,19,18,15,165,13715,4033,0.12281693,2154.5,176.5
Onondaga,13152,1.012,709,13,13,19,18,15,157,14070,4227,0.12281693,2146,84
Onondaga,13104,1.012,709,13,13,19,18,15,307,16941,7207,0.12281693,3574.5,123
Onondaga,13202,1.012,709,13,13,19,18,15,2556,11274,5434,0.12281693,1948,523
Onondaga,13210,1.012,709,13,13,19,18,15,8560,11784,27352,0.12281693,13117,1521
Onondaga,13204,1.012,709,13,13,19,18,15,7210,12702,20826,0.12281693,8910,988
Onondaga,13205,1.012,709,13,13,19,18,15,5135,13460,20592,0.12281693,7592,804
Onondaga,13208,1.012,709,13,13,19,18,15,4263,14973,21440,0.12281693,9833,761
Onondaga,13120,1.012,709,13,13,19,18,15,157,18125,2998,0.12281693,1334,65
Onondaga,13203,1.012,709,13,13,19,18,15,3570,18213,15435,0.12281693,7630,655
Onondaga,13207,1.012,709,13,13,19,18,15,2747,18617,14890,0.12281693,7265,473
Onondaga,13211,1.012,709,13,13,19,18,15,652,18947,6425,0.12281693,3161,133
Onondaga,13206,1.012,709,13,13,19,18,15,2662,19128,16562,0.12281693,8618,504
Onondaga,13116,1.012,709,13,13,19,18,15,69,19591,3351,0.12281693,1850,98
Onondaga,13209,1.012,709,13,13,19,18,15,1297,19768,13774,0.12281693,6863,234
Onondaga,13060,1.012,709,13,13,19,18,15,191,19772,2852,0.12281693,1398,65
Onondaga,13212,1.012,709,13,13,19,18,15,1473,20564,20878,0.12281693,10920,407
Onondaga,13041,1.012,709,13,13,19,18,15,465,20760,9818,0.12281693,5469,188
Onondaga,13029,1.012,709,13,13,19,18,15,265,21220,5684,0.12281693,3122,166
Onondaga,13084,1.012,709,13,13,19,18,15,290,21826,4215,0.12281693,2217,107
Onondaga,13219,1.012,709,13,13,19,18,15,750,21841,15700,0.12281693,7507,221
Onondaga,13090,1.012,709,13,13,19,18,15,1620,22790,30934,0.12281693,17227,702
Onondaga,13039,1.012,709,13,13,19,18,15,429,23130,14562,0.12281693,7887,278
Onondaga,13057,1.012,709,13,13,19,18,15,954,23310,14845,0.12281693,7316,263
Onondaga,13088,1.012,709,13,13,19,18,15,1547,23336,22139,0.12281693,12316,437
Onondaga,13031,1.012,709,13,13,19,18,15,546,24089,14977,0.12281693,7349,285
Onondaga,13214,1.012,709,13,13,19,18,15,681,24711,8764,0.12281693,4393,149
Onondaga,13108,1.012,709,13,13,19,18,15,139,25608,6057,0.12281693,3201,95
Onondaga,13224,1.012,709,13,13,19,18,15,1208,26373,9052,0.12281693,4444,197
Onondaga,13215,1.012,709,13,13,19,18,15,555,26905,14461,0.12281693,6739,213
Onondaga,13078,1.012,709,13,13,19,18,15,274,29984,8625,0.12281693,4284,183
Onondaga,13066,1.012,709,13,13,19,18,15,356,39155,12299,0.12281693,6285,325
Ontario,14456,1.042,53,0,0,0,0,1,788,5774,6739,0.0647815,3152,219.3333333
Ontario,14489,1.042,53,0,0,0,0,1,209,6195,2556,0.0647815,1136,70.66666667
Ontario,14472,1.042,53,0,0,0,0,1,61,11456,2713,0.0647815,1478.333333,29.66666667
Ontario,14485,1.042,53,0,0,0,0,1,99,9397,2297,0.0647815,1388,67.5
Ontario,14513,1.042,53,0,0,0,0,1,969,9531,7429,0.0647815,3787,295
Ontario,14487,1.042,53,0,0,0,0,1,135,10043,2893,0.0647815,1495.5,47.5
Ontario,14522,1.042,53,0,0,0,0,1,253,10197,4383,0.0647815,2390,128
Ontario,14544,1.042,53,0,0,0,0,1,75,10346,954,0.0647815,518.5,27.5
Ontario,14564,1.042,53,0,0,0,0,1,151,15175,4952,0.0647815,2615,56
Ontario,14534,1.042,53,0,0,0,0,1,246,20933,15135,0.0647815,7270.5,186.5
Ontario,14504,1.042,53,0,0,0,0,1,98,17883,1312,0.0647815,653,25
Ontario,14432,1.042,53,0,0,0,0,1,491,18587,6106,0.0647815,3193,227
Ontario,14548,1.042,53,0,0,0,0,1,269,18955,4149,0.0647815,2324,73
Ontario,14425,1.042,53,0,0,0,0,1,564,20574,9658,0.0647815,5550,198
Ontario,14424,1.042,53,0,0,0,0,1,1821,22292,24878,0.0647815,13369,571
Orange,12780,1.117,650,13,10,10,15,9,143,8828,1059,0.10008171,474,32.5
Orange,10940,1.117,650,13,10,10,15,9,2941,9907,21430,0.10008171,10257,561
Orange,12721,1.117,650,13,10,10,15,9,230,10242,2757,0.10008171,1382.5,90
Orange,12589,1.117,650,13,10,10,15,9,384,10380,6631,0.10008171,3013,100
Orange,12542,1.117,650,13,10,10,15,9,282,10389,2909,0.10008171,1495,60.5
Orange,10974,1.117,650,13,10,10,15,9,47,13564,1592,0.10008171,836,39.5
Orange,10996,1.117,650,13,10,10,15,9,70,13196,7126,0.10008171,5106,33
Orange,10963,1.117,650,13,10,10,15,9,128,15192,4660,0.10008171,1359,61
Orange,12746,1.117,650,13,10,10,15,9,92,17189,1144,0.10008171,744,41
Orange,10950,1.117,650,13,10,10,15,9,9345,17735,38791,0.10008171,15023,677
Orange,12771,1.117,650,13,10,10,15,9,1784,18375,13847,0.10008171,6513,452
Orange,12550,1.117,650,13,10,10,15,9,7886,18742,52084,0.10008171,24294,1757
Orange,12543,1.117,650,13,10,10,15,9,188,19145,3133,0.10008171,1534,61
Orange,12586,1.117,650,13,10,10,15,9,1151,19742,11527,0.10008171,5773,293
Orange,10958,1.117,650,13,10,10,15,9,115,20316,2967,0.10008171,1366,97
Orange,12549,1.117,650,13,10,10,15,9,365,21502,8670,0.10008171,4461,182
Orange,12575,1.117,650,13,10,10,15,9,195,21803,2089,0.10008171,1074,24
Orange,10921,1.117,650,13,10,10,15,9,206,22229,3879,0.10008171,2099,84
Orange,10941,1.117,650,13,10,10,15,9,809,22471,13118,0.10008171,6921,195
Orange,12553,1.117,650,13,10,10,15,9,1283,23107,22514,0.10008171,11547,488
Orange,12577,1.117,650,13,10,10,15,9,12,23714,1614,0.10008171,812,38
Orange,10928,1.117,650,13,10,10,15,9,249,23989,5358,0.10008171,2949,95
Orange,10973,1.117,650,13,10,10,15,9,80,24078,1887,0.10008171,852,30
Orange,10925,1.117,650,13,10,10,15,9,380,24272,4986,0.10008171,2536,111
Orange,10924,1.117,650,13,10,10,15,9,533,24996,12308,0.10008171,5516,203
Orange,10926,1.117,650,13,10,10,15,9,84,25171,3275,0.10008171,1853,81
Orange,10918,1.117,650,13,10,10,15,9,898,26223,11492,0.10008171,6539,954
Orange,10990,1.117,650,13,10,10,15,9,605,26476,19315,0.10008171,9102,302
Orange,10992,1.117,650,13,10,10,15,9,287,26675,9367,0.10008171,4599,99
Orange,12518,1.117,650,13,10,10,15,9,379,27754,6276,0.10008171,3110,92
Orange,10916,1.117,650,13,10,10,15,9,68,27923,4070,0.10008171,1987,50
Orange,10930,1.117,650,13,10,10,15,9,253,28584,7400,0.10008171,3840,129
Orange,10917,1.117,650,13,10,10,15,9,58,28797,1650,0.10008171,867,33
Orange,12520,1.117,650,13,10,10,15,9,103,31705,2918,0.10008171,1556,46
Orange,10987,1.117,650,13,10,10,15,9,92,42502,3148,0.10008171,1744,27
Orleans,14470,1.042,34,0,0,0,0,0,299,7961,4477,0.10086351,1929,92
Orleans,14464,1.042,34,0,0,0,0,0,218,9048,3819,0.10086351,1981,81.5
Orleans,14420,1.042,34,0,0,0,0,0,859,9180,9654,0.10086351,5449.5,510.5
Orleans,14411,1.042,34,0,0,0,0,0,1470,15290,14676,0.10086351,6075,410
Orleans,14103,1.042,34,0,0,0,0,0,1616,16719,11612,0.10086351,5752,490
Oswego,13126,1.042,58,0,0,0,2,0,2790,8474,18227,0.1387452,9058,1234
Oswego,13036,1.042,58,0,0,0,2,0,413,9195,4231,0.1387452,2215,102
Oswego,13135,1.042,58,0,0,0,2,0,254,9398,2875,0.1387452,1405.5,70.5
Oswego,13076,1.042,58,0,0,0,2,0,196,16189,2344,0.1387452,1217,82
Oswego,13069,1.042,58,0,0,0,2,0,3857,16782,26451,0.1387452,12364,993
Otsego,13820,1.042,50,0,0,0,0,0,1940,7480,10529,0.16507545,5843.5,1366
Otsego,13838,1.042,50,0,0,0,0,0,406,7972,2478,0.16507545,999.5,59
Otsego,13849,1.042,50,0,0,0,0,0,297,8563,2576,0.16507545,1255.5,55
Otsego,13861,1.042,50,0,0,0,0,0,37,18518,652,0.16507545,364,8
Putnam,12531,1.042,94,0,0,0,0,0,11,12472,1526,0.04242019,722.5,14
Putnam,12582,1.042,94,0,0,0,0,0,68,13798,2275,0.04242019,1154.5,11.5
Putnam,12533,1.042,94,0,0,0,0,0,456,14187,11127,0.04242019,5569.5,235
Putnam,10541,1.042,94,0,0,0,0,0,354,14439,13347,0.04242019,7016.5,162.5
Putnam,10509,1.042,94,0,0,0,0,0,545,14646,9457,0.04242019,5026,211
Putnam,12563,1.042,94,0,0,0,0,0,242,25374,7252,0.04242019,3755,223
Putnam,10537,1.042,94,0,0,0,0,0,39,28813,2032,0.04242019,1005,50
Putnam,10512,1.042,94,0,0,0,0,0,1069,30446,23924,0.04242019,12920,365
Putnam,10579,1.042,94,0,0,0,0,0,398,32512,7945,0.04242019,4274,153
Putnam,10516,1.042,94,0,0,0,0,0,306,35677,5190,0.04242019,2710,52
Putnam,10524,1.042,94,0,0,0,0,0,258,40276,4232,0.04242019,2289,185
Queens,11370,1.223,12548,118,145,134,102,94,1946,7955,21571,0.14229311,6871,606.5
Queens,11001,1.223,12548,118,145,134,102,94,371,14710,12756,0.14229311,6361.5,185
Queens,11040,1.223,12548,118,145,134,102,94,494,15301,19579,0.14229311,9054.5,238.5
Queens,11430,1.223,12548,118,145,134,102,94,68,7597,229,0.14229311,135,77
Queens,11368,1.223,12548,118,145,134,102,94,21692,12412,98841,0.14229311,43621,4748
Queens,11691,1.223,12548,118,145,134,102,94,14032,12654,56184,0.14229311,21185,2836
Queens,11692,1.223,12548,118,145,134,102,94,3926,13153,15893,0.14229311,6163,1123
Queens,11433,1.223,12548,118,145,134,102,94,6946,13249,28435,0.14229311,11518,1452
Queens,11416,1.223,12548,118,145,134,102,94,4158,14429,23668,0.14229311,10015,892
Queens,11419,1.223,12548,118,145,134,102,94,6978,14707,48867,0.14229311,21871,1735
Queens,11373,1.223,12548,118,145,134,102,94,18585,15252,105723,0.14229311,50481,4357
Queens,11369,1.223,12548,118,145,134,102,94,6207,15491,36110,0.14229311,14869,1707
Queens,11418,1.223,12548,118,145,134,102,94,5970,15708,36571,0.14229311,16489,1491
Queens,11435,1.223,12548,118,145,134,102,94,9679,16142,53877,0.14229311,25635,2763
Queens,11101,1.223,12548,118,145,134,102,94,7142,16326,25595,0.14229311,10963,1208
Queens,11355,1.223,12548,118,145,134,102,94,14532,16430,83281,0.14229311,39291,2465
Queens,11436,1.223,12548,118,145,134,102,94,3110,16523,18148,0.14229311,7546,922
Queens,11420,1.223,12548,118,145,134,102,94,5478,16558,45498,0.14229311,20098,1734
Queens,11385,1.223,12548,118,145,134,102,94,16651,16592,97524,0.14229311,42721,3652
Queens,11377,1.223,12548,118,145,134,102,94,15006,16735,88339,0.14229311,42803,3340
Queens,11421,1.223,12548,118,145,134,102,94,4566,16846,37664,0.14229311,16638,1346
Queens,11417,1.223,12548,118,145,134,102,94,3520,16983,28607,0.14229311,12345,787
Queens,11372,1.223,12548,118,145,134,102,94,13293,17054,71308,0.14229311,35183,2966
Queens,11693,1.223,12548,118,145,134,102,94,2383,17434,11157,0.14229311,4587,466
Queens,11102,1.223,12548,118,145,134,102,94,7629,17514,36291,0.14229311,17333,1445
Queens,11428,1.223,12548,118,145,134,102,94,1675,17751,21023,0.14229311,10302,654
Queens,11354,1.223,12548,118,145,134,102,94,8603,17818,54329,0.14229311,24390,1675
Queens,11434,1.223,12548,118,145,134,102,94,8046,17923,59142,0.14229311,26455,2986
Queens,11106,1.223,12548,118,145,134,102,94,9483,18369,43130,0.14229311,20958,1597
Queens,11432,1.223,12548,118,145,134,102,94,8114,18391,57045,0.14229311,27104,2509
Queens,11429,1.223,12548,118,145,134,102,94,2250,18504,27647,0.14229311,13132,951
Queens,11412,1.223,12548,118,145,134,102,94,4341,18686,37452,0.14229311,16926,1659
Queens,11103,1.223,12548,118,145,134,102,94,7453,18702,44321,0.14229311,21629,1428
Queens,11423,1.223,12548,118,145,134,102,94,3877,18722,31240,0.14229311,14547,1205
Queens,11104,1.223,12548,118,145,134,102,94,5020,19674,29506,0.14229311,15526,1038
Queens,11105,1.223,12548,118,145,134,102,94,6785,20205,42117,0.14229311,20272,1324
Queens,11422,1.223,12548,118,145,134,102,94,2172,20232,30449,0.14229311,15315,1178
Queens,11378,1.223,12548,118,145,134,102,94,3270,20777,34053,0.14229311,15557,865
Queens,11413,1.223,12548,118,145,134,102,94,2756,20835,39827,0.14229311,20316,1806
Queens,11356,1.223,12548,118,145,134,102,94,1878,21406,20444,0.14229311,9366,580
Queens,11367,1.223,12548,118,145,134,102,94,4793,21522,38216,0.14229311,17380,986
Queens,11427,1.223,12548,118,145,134,102,94,1580,22367,23014,0.14229311,11193,583
Queens,11358,1.223,12548,118,145,134,102,94,3638,22858,38647,0.14229311,18801,843
Queens,11411,1.223,12548,118,145,134,102,94,1333,22885,21282,0.14229311,10685,731
Queens,11374,1.223,12548,118,145,134,102,94,5750,23176,44189,0.14229311,20595,1213
Queens,11365,1.223,12548,118,145,134,102,94,3780,23323,41566,0.14229311,19767,912
Queens,11426,1.223,12548,118,145,134,102,94,1172,23450,18727,0.14229311,8676,403
Queens,11415,1.223,12548,118,145,134,102,94,2704,23809,20956,0.14229311,10881,724
Queens,11379,1.223,12548,118,145,134,102,94,2453,24062,28984,0.14229311,13606,762
Queens,11414,1.223,12548,118,145,134,102,94,1866,25535,28121,0.14229311,12677,454
Queens,11361,1.223,12548,118,145,134,102,94,2168,25884,29206,0.14229311,14882,635
Queens,11004,1.223,12548,118,145,134,102,94,846,26096,14682,0.14229311,7088,276
Queens,11357,1.223,12548,118,145,134,102,94,2549,26422,39491,0.14229311,18311,555
Queens,11364,1.223,12548,118,145,134,102,94,2117,26651,34539,0.14229311,16920,707
Queens,11366,1.223,12548,118,145,134,102,94,798,26652,13366,0.14229311,6447,288
Queens,11694,1.223,12548,118,145,134,102,94,2300,28501,19278,0.14229311,9123,1007
Queens,11362,1.223,12548,118,145,134,102,94,1388,29816,17502,0.14229311,8612,359
Queens,11697,1.223,12548,118,145,134,102,94,233,31101,4226,0.14229311,1917,59
Queens,11375,1.223,12548,118,145,134,102,94,6927,31513,70204,0.14229311,36702,1812
Queens,11363,1.223,12548,118,145,134,102,94,211,34957,6917,0.14229311,3621,107
Queens,11360,1.223,12548,118,145,134,102,94,1093,35401,19350,0.14229311,9613,393
Queens,11005,1.223,12548,118,145,134,102,94,105,57713,2195,0.14229311,611,28
Rensselaer,12118,1.037,189,2,2,0,2,1,293,9726,5884,0.0930873,3123.5,99.5
Rensselaer,12154,1.037,189,2,2,0,2,1,61,10364,1352,0.0930873,646,24
Rensselaer,12184,1.037,189,2,2,0,2,1,195,12150,3637,0.0930873,1857.5,40.5
Rensselaer,12180,1.037,189,2,2,0,2,1,7571,18756,52907,0.0930873,27236,2980
Rensselaer,12182,1.037,189,2,2,0,2,1,1731,19471,14104,0.0930873,6974,264
Rensselaer,12090,1.037,189,2,2,0,2,1,462,20261,6189,0.0930873,3196,101
Rensselaer,12140,1.037,189,2,2,0,2,1,12,21376,1303,0.0930873,676,0
Rensselaer,12144,1.037,189,2,2,0,2,1,1340,22503,18367,0.0930873,9953,424
Rensselaer,12198,1.037,189,2,2,0,2,1,156,22834,7295,0.0930873,3827,172
Rensselaer,12018,1.037,189,2,2,0,2,1,336,24495,7513,0.0930873,4498,95
Rensselaer,12033,1.037,189,2,2,0,2,1,332,25271,8188,0.0930873,4387,116
Rensselaer,12196,1.037,189,2,2,0,2,1,183,26741,2841,0.0930873,1564,24
Rensselaer,12153,1.037,189,2,2,0,2,1,14,27807,902,0.0930873,523,35
Rensselaer,12061,1.037,189,2,2,0,2,1,193,28015,7872,0.0930873,4280,89
Richmond,10303,1.223,1669,46,48,47,45,28,4064,16722,23530,0.09885786,10244,1007
Richmond,10302,1.223,1669,46,48,47,45,28,2826,18798,16406,0.09885786,7201,609
Richmond,10310,1.223,1669,46,48,47,45,28,3446,20226,22852,0.09885786,10015,789
Richmond,10304,1.223,1669,46,48,47,45,28,7962,21828,38972,0.09885786,16295,1528
Richmond,10305,1.223,1669,46,48,47,45,28,4701,22487,38450,0.09885786,17191,1023
Richmond,10301,1.223,1669,46,48,47,45,28,5565,23174,38805,0.09885786,19067,1510
Richmond,10314,1.223,1669,46,48,47,45,28,5544,25216,84821,0.09885786,41387,1990
Richmond,10306,1.223,1669,46,48,47,45,28,4156,25222,55698,0.09885786,26215,1207
Richmond,10308,1.223,1669,46,48,47,45,28,1421,25611,26451,0.09885786,12822,592
Richmond,10309,1.223,1669,46,48,47,45,28,1445,26309,27207,0.09885786,12222,504
Richmond,10307,1.223,1669,46,48,47,45,28,460,26316,11669,0.09885786,5544,231
Richmond,10312,1.223,1669,46,48,47,45,28,2276,26887,58867,0.09885786,29563,1213
Rockland,10974,1.042,520,8,11,9,10,7,47,13564,1592,0.09372085,836,39.5
Rockland,10927,1.042,520,8,11,9,10,7,1641,15442,10117,0.09372085,4070,288
Rockland,10931,1.042,520,8,11,9,10,7,116,17516,881,0.09372085,338,4
Rockland,10952,1.042,520,8,11,9,10,7,7691,19106,31947,0.09372085,11072,349
Rockland,10977,1.042,520,8,11,9,10,7,8777,19262,49211,0.09372085,22133,1308
Rockland,10993,1.042,520,8,11,9,10,7,478,19925,4263,0.09372085,1763,97
Rockland,10923,1.042,520,8,11,9,10,7,729,21818,9273,0.09372085,4617,227
Rockland,10976,1.042,520,8,11,9,10,7,231,23811,1795,0.09372085,851,47
Rockland,10980,1.042,520,8,11,9,10,7,476,27904,12670,0.09372085,6417,204
Rockland,10920,1.042,520,8,11,9,10,7,254,29633,8937,0.09372085,4831,145
Rockland,10984,1.042,520,8,11,9,10,7,138,30532,2298,0.09372085,1463,51
Rockland,10983,1.042,520,8,11,9,10,7,188,30750,5756,0.09372085,2810,66
Rockland,10965,1.042,520,8,11,9,10,7,528,30764,14522,0.09372085,7422,164
Rockland,10954,1.042,520,8,11,9,10,7,1030,31050,23189,0.09372085,12229,491
Rockland,10962,1.042,520,8,11,9,10,7,123,31170,5580,0.09372085,2490,52
Rockland,10986,1.042,520,8,11,9,10,7,58,31443,1739,0.09372085,949,32
Rockland,10970,1.042,520,8,11,9,10,7,584,31698,9222,0.09372085,5457,173
Rockland,10989,1.042,520,8,11,9,10,7,251,33444,9381,0.09372085,5129,168
Rockland,10901,1.042,520,8,11,9,10,7,1057,33554,21760,0.09372085,11274,319
Rockland,10913,1.042,520,8,11,9,10,7,174,34428,5076,0.09372085,2587,142
Rockland,10960,1.042,520,8,11,9,10,7,877,35603,14687,0.09372085,8447,282
Rockland,10956,1.042,520,8,11,9,10,7,898,37660,31071,0.09372085,16573,387
Rockland,10994,1.042,520,8,11,9,10,7,104,40359,6493,0.09372085,3746,33
Rockland,10968,1.042,520,8,11,9,10,7,220,42687,2424,0.09372085,1539,76
Rockland,10964,1.042,520,8,11,9,10,7,56,56696,1282,0.09372085,637,30
Saratoga,12010,1.042,301,5,4,2,1,1,863,4393,7136,0.05839617,3220.5,167.25
Saratoga,12828,1.042,301,5,4,2,1,1,287,8778,4179,0.05839617,2106,105
Saratoga,12118,1.042,301,5,4,2,1,1,293,9726,5884,0.05839617,3123.5,99.5
Saratoga,12086,1.042,301,5,4,2,1,1,56,10292,777,0.05839617,435,8.5
Saratoga,12027,1.042,301,5,4,2,1,1,27,12219,1830,0.05839617,975.5,24
Saratoga,12302,1.042,301,5,4,2,1,1,547,12412,13501,0.05839617,6662.5,266.5
Saratoga,12019,1.042,301,5,4,2,1,1,92,14243,6660,0.05839617,3679,102.5
Saratoga,12822,1.042,301,5,4,2,1,1,660,16203,5721,0.05839617,2731,177
Saratoga,12803,1.042,301,5,4,2,1,1,585,18291,7394,0.05839617,3800,211
Saratoga,12170,1.042,301,5,4,2,1,1,415,18695,5037,0.05839617,2688,49
Saratoga,12833,1.042,301,5,4,2,1,1,370,19194,4492,0.05839617,2300,120
Saratoga,12151,1.042,301,5,4,2,1,1,21,20700,706,0.05839617,426,21
Saratoga,12831,1.042,301,5,4,2,1,1,836,21903,14204,0.05839617,7047,331
Saratoga,12188,1.042,301,5,4,2,1,1,556,22188,10610,0.05839617,5695,237
Saratoga,12020,1.042,301,5,4,2,1,1,1610,22404,28068,0.05839617,15239,560
Saratoga,12866,1.042,301,5,4,2,1,1,2551,25495,34570,0.05839617,19200,788
Saratoga,12065,1.042,301,5,4,2,1,1,1359,29611,38866,0.05839617,22534,751
Saratoga,12148,1.042,301,5,4,2,1,1,117,31972,2929,0.05839617,1353,43
Schenectady,12010,1.037,19,5,3,2,1,1,863,4393,7136,0.11220814,3220.5,167.25
Schenectady,12304,1.037,19,5,3,2,1,1,1677,8930,10485,0.11220814,4911,281
Schenectady,12306,1.037,19,5,3,2,1,1,734,10433,12291,0.11220814,6233,248.5
Schenectady,12303,1.037,19,5,3,2,1,1,1188,11383,13971,0.11220814,6978,247
Schenectady,12027,1.037,19,5,3,2,1,1,27,12219,1830,0.11220814,975.5,24
Schenectady,12302,1.037,19,5,3,2,1,1,547,12412,13501,0.11220814,6662.5,266.5
Schenectady,12019,1.037,19,5,3,2,1,1,92,14243,6660,0.11220814,3679,102.5
Schenectady,12309,1.037,19,5,3,2,1,1,429,15500,15029,0.11220814,7235.5,181
Schenectady,12307,1.037,19,5,3,2,1,1,2928,10222,6843,0.11220814,2372,276
Schenectady,12305,1.037,19,5,3,2,1,1,1308,15821,5922,0.11220814,3211,636
Schenectady,12308,1.037,19,5,3,2,1,1,2454,18432,13346,0.11220814,6605,344
Schenectady,12150,1.037,19,5,3,2,1,1,36,19165,836,0.11220814,559,18
Schenectady,12008,1.037,19,5,3,2,1,1,0,24064,431,0.11220814,277,13
Schenectady,12056,1.037,19,5,3,2,1,1,116,25067,2219,0.11220814,1356,41
Schoharie,12187,1.042,4,0,0,0,0,0,97,15547,684,0.10890907,293,24
Schoharie,12043,1.042,4,0,0,0,0,0,967,17041,8207,0.10890907,4123,499
Schoharie,12149,1.042,4,0,0,0,0,0,123,17892,2008,0.10890907,928,45
Schuyler,14864,1.042,17,0,0,0,0,0,109,8560,714,0.08359326,316,7.5
Schuyler,14845,1.042,17,0,0,0,0,0,550,10883,9946,0.08359326,4967.5,271
Schuyler,14870,1.042,17,0,0,0,0,0,332,12305,4674,0.08359326,2188,118.5
Schuyler,14865,1.042,17,0,0,0,0,0,346,16222,2699,0.08359326,1251,52
Schuyler,14891,1.042,17,0,0,0,0,0,539,17524,4409,0.08359326,2158,212
Seneca,14456,1.042,71,0,0,0,0,0,788,5774,6739,0.11164454,3152,219.3333333
Seneca,14489,1.042,71,0,0,0,0,0,209,6195,2556,0.11164454,1136,70.66666667
Seneca,13165,1.042,71,0,0,0,0,0,1240,16133,10828,0.11164454,5194,366
Seneca,13148,1.042,71,0,0,0,0,0,1228,18648,10913,0.11164454,5363,309
St._Lawrence,13642,1.042,108,1,0,4,2,0,811,7047,5165,0.14378054,1989,179.5
St._Lawrence,12986,1.042,108,1,0,4,2,0,416,7965,3254,0.14378054,1576,104
St._Lawrence,13676,1.042,108,1,0,4,2,0,2921,13870,17029,0.14378054,7606,610
St._Lawrence,13617,1.042,108,1,0,4,2,0,1065,15356,10942,0.14378054,5453,748
St._Lawrence,13669,1.042,108,1,0,4,2,0,2394,16901,17892,0.14378054,7253,477
St._Lawrence,13662,1.042,108,1,0,4,2,0,2603,18552,16729,0.14378054,7715,501
Steuben,14437,1.042,42,0,0,0,0,0,426,5137,4099,0.11735355,1696.666667,136
Steuben,14843,1.042,42,0,0,0,0,0,1173,8057,6692,0.11735355,3155.5,258.5
Steuben,14807,1.042,42,0,0,0,0,0,149,8628,1560,0.11735355,720.5,56
Steuben,14871,1.042,42,0,0,0,0,0,116,11012,2454,0.11735355,1298.5,71.5
Steuben,14830,1.042,42,0,0,0,0,0,1033,11102,9671,0.11735355,4941.5,310.5
Steuben,14870,1.042,42,0,0,0,0,0,332,12305,4674,0.11735355,2188,118.5
Steuben,14810,1.042,42,0,0,0,0,0,1663,16954,12536,0.11735355,5830,420
Suffolk,11735,1.379,2100,48,46,45,33,33,632,13116,16080,0.05821446,8166.5,285.5
Suffolk,11717,1.379,2100,48,46,45,33,33,5722,15919,51485,0.05821446,23985,1389
Suffolk,11951,1.379,2100,48,46,45,33,33,1664,16852,12794,0.05821446,6047,437
Suffolk,11798,1.379,2100,48,46,45,33,33,1873,16893,15199,0.05821446,6732,492
Suffolk,11722,1.379,2100,48,46,45,33,33,3686,18276,34491,0.05821446,16936,987
Suffolk,11950,1.379,2100,48,46,45,33,33,1784,18280,14583,0.05821446,7076,472
Suffolk,11967,1.379,2100,48,46,45,33,33,1824,19041,24943,0.05821446,12325,708
Suffolk,11901,1.379,2100,48,46,45,33,33,2730,20092,22897,0.05821446,10059,585
Suffolk,11726,1.379,2100,48,46,45,33,33,1713,20352,17737,0.05821446,8989,440
Suffolk,11784,1.379,2100,48,46,45,33,33,1396,20760,26411,0.05821446,13290,517
Suffolk,11789,1.379,2100,48,46,45,33,33,539,21231,7660,0.05821446,3768,168
Suffolk,11944,1.379,2100,48,46,45,33,33,465,21469,3705,0.05821446,1769,143
Suffolk,11701,1.379,2100,48,46,45,33,33,2287,21642,26379,0.05821446,12217,675
Suffolk,11706,1.379,2100,48,46,45,33,33,5711,21717,60460,0.05821446,29327,1289
Suffolk,11704,1.379,2100,48,46,45,33,33,2480,21830,40114,0.05821446,19598,867
Suffolk,11947,1.379,2100,48,46,45,33,33,9,21894,218,0.05821446,116,0
Suffolk,11763,1.379,2100,48,46,45,33,33,999,21984,24743,0.05821446,13376,430
Suffolk,11934,1.379,2100,48,46,45,33,33,411,22508,6539,0.05821446,3278,211
Suffolk,11772,1.379,2100,48,46,45,33,33,2882,22669,41913,0.05821446,22201,1001
Suffolk,11757,1.379,2100,48,46,45,33,33,2685,22829,46458,0.05821446,23440,858
Suffolk,11778,1.379,2100,48,46,45,33,33,917,22842,11514,0.05821446,5568,169
Suffolk,11752,1.379,2100,48,46,45,33,33,291,23023,9881,0.05821446,4865,164
Suffolk,11713,1.379,2100,48,46,45,33,33,1202,23207,9160,0.05821446,4451,430
Suffolk,11953,1.379,2100,48,46,45,33,33,809,23214,12364,0.05821446,6601,234
Suffolk,11961,1.379,2100,48,46,45,33,33,838,23329,12664,0.05821446,4816,208
Suffolk,11720,1.379,2100,48,46,45,33,33,1408,23397,28105,0.05821446,14703,566
Suffolk,11958,1.379,2100,48,46,45,33,33,27,23407,445,0.05821446,209,0
Suffolk,11742,1.379,2100,48,46,45,33,33,415,23666,12119,0.05821446,6572,191
Suffolk,11970,1.379,2100,48,46,45,33,33,59,23731,319,0.05821446,163,0
Suffolk,11779,1.379,2100,48,46,45,33,33,1961,23753,39321,0.05821446,20628,863
Suffolk,11703,1.379,2100,48,46,45,33,33,494,23843,16336,0.05821446,8457,400
Suffolk,11776,1.379,2100,48,46,45,33,33,1090,24115,22440,0.05821446,11777,487
Suffolk,11729,1.379,2100,48,46,45,33,33,1317,24220,28280,0.05821446,13911,412
Suffolk,11727,1.379,2100,48,46,45,33,33,1531,24245,25603,0.05821446,14147,652
Suffolk,11796,1.379,2100,48,46,45,33,33,171,24276,3835,0.05821446,1977,71
Suffolk,11738,1.379,2100,48,46,45,33,33,479,24715,16811,0.05821446,9068,406
Suffolk,11940,1.379,2100,48,46,45,33,33,142,24791,4347,0.05821446,2150,83
Suffolk,11980,1.379,2100,48,46,45,33,33,158,24810,4221,0.05821446,1947,75
Suffolk,11952,1.379,2100,48,46,45,33,33,254,25528,4680,0.05821446,2259,70
Suffolk,11939,1.379,2100,48,46,45,33,33,45,25705,777,0.05821446,309,21
Suffolk,11716,1.379,2100,48,46,45,33,33,383,25831,10360,0.05821446,5397,107
Suffolk,11751,1.379,2100,48,46,45,33,33,548,26510,15083,0.05821446,7878,205
Suffolk,11755,1.379,2100,48,46,45,33,33,563,26690,11402,0.05821446,6239,190
Suffolk,11741,1.379,2100,48,46,45,33,33,951,26831,27857,0.05821446,15534,423
Suffolk,11792,1.379,2100,48,46,45,33,33,187,27194,7156,0.05821446,3804,89
Suffolk,11790,1.379,2100,48,46,45,33,33,550,27319,18374,0.05821446,9548,391
Suffolk,11949,1.379,2100,48,46,45,33,33,328,27485,11385,0.05821446,5493,146
Suffolk,11730,1.379,2100,48,46,45,33,33,628,27566,16050,0.05821446,7848,205
Suffolk,11946,1.379,2100,48,46,45,33,33,1370,27636,12802,0.05821446,6306,344
Suffolk,11764,1.379,2100,48,46,45,33,33,226,27659,11120,0.05821446,5700,113
Suffolk,11972,1.379,2100,48,46,45,33,33,47,27689,692,0.05821446,360,8
Suffolk,11715,1.379,2100,48,46,45,33,33,159,28135,4407,0.05821446,2433,101
Suffolk,11942,1.379,2100,48,46,45,33,33,196,28287,3981,0.05821446,2011,95
Suffolk,11941,1.379,2100,48,46,45,33,33,128,28399,2275,0.05821446,1239,19
Suffolk,11795,1.379,2100,48,46,45,33,33,526,28411,27127,0.05821446,13397,278
Suffolk,11754,1.379,2100,48,46,45,33,33,671,28559,18847,0.05821446,9215,169
Suffolk,11740,1.379,2100,48,46,45,33,33,438,29129,9647,0.05821446,4689,168
Suffolk,11786,1.379,2100,48,46,45,33,33,257,29131,5883,0.05821446,3024,108
Suffolk,11782,1.379,2100,48,46,45,33,33,602,29394,15897,0.05821446,8088,176
Suffolk,11933,1.379,2100,48,46,45,33,33,474,29593,5857,0.05821446,2827,130
Suffolk,11719,1.379,2100,48,46,45,33,33,138,29669,2965,0.05821446,1452,37
Suffolk,11971,1.379,2100,48,46,45,33,33,115,29743,5575,0.05821446,2558,119
Suffolk,11725,1.379,2100,48,46,45,33,33,875,29883,29412,0.05821446,14432,401
Suffolk,11767,1.379,2100,48,46,45,33,33,419,30183,13841,0.05821446,7150,232
Suffolk,11788,1.379,2100,48,46,45,33,33,509,30204,16836,0.05821446,8914,328
Suffolk,11769,1.379,2100,48,46,45,33,33,269,30806,9729,0.05821446,5089,115
Suffolk,11948,1.379,2100,48,46,45,33,33,34,30859,903,0.05821446,410,3
Suffolk,11787,1.379,2100,48,46,45,33,33,1007,30918,34794,0.05821446,17135,549
Suffolk,11978,1.379,2100,48,46,45,33,33,252,30998,3800,0.05821446,1854,52
Suffolk,11731,1.379,2100,48,46,45,33,33,1070,31069,31250,0.05821446,15825,517
Suffolk,11766,1.379,2100,48,46,45,33,33,344,31166,9365,0.05821446,4423,114
Suffolk,11702,1.379,2100,48,46,45,33,33,656,32054,14975,0.05821446,7743,223
Suffolk,11937,1.379,2100,48,46,45,33,33,1182,32139,13289,0.05821446,6835,234
Suffolk,11746,1.379,2100,48,46,45,33,33,4390,32389,62828,0.05821446,31878,1122
Suffolk,11956,1.379,2100,48,46,45,33,33,20,32635,316,0.05821446,171,1
Suffolk,11705,1.379,2100,48,46,45,33,33,235,32670,8007,0.05821446,4220,82
Suffolk,11955,1.379,2100,48,46,45,33,33,150,33027,2652,0.05821446,1500,79
Suffolk,11935,1.379,2100,48,46,45,33,33,167,33218,3444,0.05821446,1548,61
Suffolk,11968,1.379,2100,48,46,45,33,33,1119,34111,12032,0.05821446,6092,211
Suffolk,11963,1.379,2100,48,46,45,33,33,240,34459,6664,0.05821446,3411,119
Suffolk,11777,1.379,2100,48,46,45,33,33,544,35568,9025,0.05821446,4725,152
Suffolk,11718,1.379,2100,48,46,45,33,33,57,36017,3061,0.05821446,1518,86
Suffolk,11977,1.379,2100,48,46,45,33,33,99,36170,2143,0.05821446,1088,32
Suffolk,11780,1.379,2100,48,46,45,33,33,345,36198,14920,0.05821446,6785,152
Suffolk,11733,1.379,2100,48,46,45,33,33,804,36530,20382,0.05821446,10183,452
Suffolk,11747,1.379,2100,48,46,45,33,33,839,38763,16152,0.05821446,7645,242
Suffolk,11930,1.379,2100,48,46,45,33,33,72,41192,1167,0.05821446,561,27
Suffolk,11768,1.379,2100,48,46,45,33,33,607,41365,21676,0.05821446,10958,282
Suffolk,11721,1.379,2100,48,46,45,33,33,200,41657,6218,0.05821446,3211,55
Suffolk,11932,1.379,2100,48,46,45,33,33,113,43424,1429,0.05821446,682,31
Suffolk,11743,1.379,2100,48,46,45,33,33,1238,43755,41566,0.05821446,21123,697
Suffolk,11976,1.379,2100,48,46,45,33,33,140,49346,1822,0.05821446,934,4
Suffolk,11960,1.379,2100,48,46,45,33,33,33,51287,822,0.05821446,391,3
Suffolk,11959,1.379,2100,48,46,45,33,33,75,51696,1015,0.05821446,508,12
Suffolk,11724,1.379,2100,48,46,45,33,33,54,61027,3040,0.05821446,1465,33
Sullivan,12780,1.042,290,0,0,0,0,0,143,8828,1059,0.16385626,474,32.5
Sullivan,10940,1.042,290,0,0,0,0,0,2941,9907,21430,0.16385626,10257,561
Sullivan,12721,1.042,290,0,0,0,0,0,230,10242,2757,0.16385626,1382.5,90
Sullivan,12733,1.042,290,0,0,0,0,0,412,11427,1608,0.16385626,333,125
Sullivan,12747,1.042,290,0,0,0,0,0,348,15210,1939,0.16385626,970,33
Sullivan,12768,1.042,290,0,0,0,0,0,175,15686,1030,0.16385626,330,14
Sullivan,12788,1.042,290,0,0,0,0,0,305,17171,2935,0.16385626,808,30
Sullivan,12701,1.042,290,0,0,0,0,0,2880,17499,11522,0.16385626,5049,551
Sullivan,12754,1.042,290,0,0,0,0,0,1356,17610,7130,0.16385626,3415,412
Sullivan,12763,1.042,290,0,0,0,0,0,131,18046,766,0.16385626,420,43
Sullivan,12779,1.042,290,0,0,0,0,0,199,18194,1544,0.16385626,749,32
Sullivan,12751,1.042,290,0,0,0,0,0,67,18792,387,0.16385626,191,20
Sullivan,12789,1.042,290,0,0,0,0,0,349,18920,1677,0.16385626,700,85
Sullivan,12759,1.042,290,0,0,0,0,0,225,19110,1683,0.16385626,671,56
Sullivan,12790,1.042,290,0,0,0,0,0,549,19332,5454,0.16385626,2815,195
Tioga,14892,1.042,19,0,0,0,0,0,419,7821,4129,0.07905163,2015.5,128
Tioga,14817,1.042,19,0,0,0,0,0,57,10529,1141,0.07905163,532,29.5
Tioga,13760,1.042,19,0,0,0,0,0,1918,10692,21977,0.07905163,11064,496
Tioga,13827,1.042,19,0,0,0,0,0,935,19537,11823,0.07905163,6022,319
Tioga,13732,1.042,19,0,0,0,0,0,422,23327,8380,0.07905163,4351,193
Tompkins,13045,1.042,78,0,0,0,0,0,1726,5325,9725,0.1635897,4898.666667,495.6666667
Tompkins,13053,1.042,78,0,0,0,0,0,253,9689,2207,0.1635897,1220.5,55.5
Tompkins,14817,1.042,78,0,0,0,0,0,57,10529,1141,0.1635897,532,29.5
Tompkins,14867,1.042,78,0,0,0,0,0,474,17482,5430,0.1635897,2924,136
Tompkins,13073,1.042,78,0,0,0,0,0,348,18088,6000,0.1635897,3086,63
Tompkins,13068,1.042,78,0,0,0,0,0,406,19717,5038,0.1635897,2767,80
Tompkins,14882,1.042,78,0,0,0,0,0,225,19863,3943,0.1635897,1891,63
Tompkins,14850,1.042,78,0,0,0,0,0,12381,19873,63396,0.1635897,33560,2290
Tompkins,13062,1.042,78,0,0,0,0,0,0,29765,131,0.1635897,92,0
Ulster,12589,1.042,357,8,4,7,2,10,384,10380,6631,0.1078512,3013,100
Ulster,12542,1.042,357,8,4,7,2,10,282,10389,2909,0.1078512,1495,60.5
Ulster,12456,1.042,357,8,4,7,2,10,60,14488,653,0.1078512,323,8
Ulster,12428,1.042,357,8,4,7,2,10,1549,16101,8367,0.1078512,3274,267
Ulster,12458,1.042,357,8,4,7,2,10,308,17385,2243,0.1078512,1037,18
Ulster,12515,1.042,357,8,4,7,2,10,173,18049,1068,0.1078512,566,27
Ulster,12489,1.042,357,8,4,7,2,10,40,18285,290,0.1078512,116,0
Ulster,12449,1.042,357,8,4,7,2,10,263,19093,3557,0.1078512,1902,332
Ulster,12561,1.042,357,8,4,7,2,10,2394,19988,17435,0.1078512,9164,722
Ulster,12401,1.042,357,8,4,7,2,10,4704,20221,35722,0.1078512,17700,940
Ulster,12411,1.042,357,8,4,7,2,10,19,20284,382,0.1078512,156,0
Ulster,12466,1.042,357,8,4,7,2,10,319,20421,3101,0.1078512,1649,55
Ulster,12477,1.042,357,8,4,7,2,10,1564,20499,20199,0.1078512,9772,292
Ulster,12487,1.042,357,8,4,7,2,10,372,20625,3856,0.1078512,2215,237
Ulster,12486,1.042,357,8,4,7,2,10,200,21094,1595,0.1078512,862,29
Ulster,12472,1.042,357,8,4,7,2,10,249,21098,1654,0.1078512,934,18
Ulster,12528,1.042,357,8,4,7,2,10,809,21450,12770,0.1078512,6626,253
Ulster,12547,1.042,357,8,4,7,2,10,118,22595,2350,0.1078512,1155,33
Ulster,12491,1.042,357,8,4,7,2,10,141,23986,1610,0.1078512,793,42
Ulster,12409,1.042,357,8,4,7,2,10,86,25992,464,0.1078512,300,14
Ulster,12443,1.042,357,8,4,7,2,10,166,26413,3859,0.1078512,1969,80
Ulster,12498,1.042,357,8,4,7,2,10,482,31796,5417,0.1078512,2823,136
Warren,12885,1.056,44,0,0,0,0,0,688,15895,4646,0.09054948,2309,146
Warren,12846,1.056,44,0,0,0,0,0,363,16155,3162,0.09054948,1513,89
Warren,12801,1.056,44,0,0,0,0,0,2114,18126,14374,0.09054948,7728,455
Warren,12845,1.056,44,0,0,0,0,0,263,23006,4801,0.09054948,2498,138
Warren,12804,1.056,44,0,0,0,0,0,1196,24015,24083,0.09054948,12044,515
Washington,12828,1.042,28,0,0,0,0,0,287,8778,4179,0.10136191,2106,105
Washington,12154,1.042,28,0,0,0,0,0,61,10364,1352,0.10136191,646,24
Washington,12832,1.042,28,0,0,0,0,0,795,16321,7199,0.10136191,3373,125
Washington,12839,1.042,28,0,0,0,0,0,1526,18305,11945,0.10136191,6015,351
Washington,12834,1.042,28,0,0,0,0,0,509,19340,6678,0.10136191,3386,159
Wayne,14489,1.223,67,0,0,0,0,0,209,6195,2556,0.0606698,1136,70.66666667
Wayne,14513,1.223,67,0,0,0,0,0,969,9531,7429,0.0606698,3787,295
Wayne,14522,1.223,67,0,0,0,0,0,253,10197,4383,0.0606698,2390,128
Wayne,14502,1.223,67,0,0,0,0,0,296,10418,4599,0.0606698,2621.5,65
Wayne,14580,1.223,67,0,0,0,0,0,846,13398,21912,0.0606698,11588.5,386
Wayne,14551,1.223,67,0,0,0,0,0,662,17502,5596,0.0606698,2762,164
Wayne,14516,1.223,67,0,0,0,0,0,117,18938,2672,0.0606698,1235,42
Wayne,14589,1.223,67,0,0,0,0,0,483,20173,7653,0.0606698,3958,168
Wayne,14519,1.223,67,0,0,0,0,0,585,21987,11020,0.0606698,6124,256
Wayne,14568,1.223,67,0,0,0,0,0,51,23947,5874,0.0606698,3060,62
Westchester,10541,1.223,2605,68,42,44,29,36,354,14439,13347,0.08454262,7016.5,162.5
Westchester,10509,1.223,2605,68,42,44,29,36,545,14646,9457,0.08454262,5026,211
Westchester,10550,1.223,2605,68,42,44,29,36,6840,15996,38284,0.08454262,17648,1432
Westchester,10701,1.223,2605,68,42,44,29,36,15123,17227,63715,0.08454262,26161,2540
Westchester,10705,1.223,2605,68,42,44,29,36,8255,18222,38115,0.08454262,17066,1526
Westchester,10553,1.223,2605,68,42,44,29,36,1500,19520,10102,0.08454262,4948,468
Westchester,10703,1.223,2605,68,42,44,29,36,2757,21244,20410,0.08454262,9107,621
Westchester,10801,1.223,2605,68,42,44,29,36,5137,21838,36322,0.08454262,17119,927
Westchester,10566,1.223,2605,68,42,44,29,36,3042,22595,22441,0.08454262,11754,769
Westchester,10532,1.223,2605,68,42,44,29,36,157,24731,5582,0.08454262,2634,75
Westchester,10601,1.223,2605,68,42,44,29,36,1520,25672,8991,0.08454262,4650,425
Westchester,10704,1.223,2605,68,42,44,29,36,1477,27201,29158,0.08454262,14758,575
Westchester,10573,1.223,2605,68,42,44,29,36,3842,27594,36300,0.08454262,18419,811
Westchester,10606,1.223,2605,68,42,44,29,36,1514,27630,15733,0.08454262,8136,568
Westchester,10805,1.223,2605,68,42,44,29,36,1742,27903,17957,0.08454262,9504,400
Westchester,10710,1.223,2605,68,42,44,29,36,1587,28076,25202,0.08454262,12583,445
Westchester,10588,1.223,2605,68,42,44,29,36,45,28247,2006,0.08454262,1214,47
Westchester,10535,1.223,2605,68,42,44,29,36,0,28285,416,0.08454262,215,0
Westchester,10547,1.223,2605,68,42,44,29,36,523,28578,8544,0.08454262,4301,129
Westchester,10548,1.223,2605,68,42,44,29,36,332,29004,4076,0.08454262,2006,71
Westchester,10595,1.223,2605,68,42,44,29,36,451,29180,7482,0.08454262,2965,80
Westchester,10562,1.223,2605,68,42,44,29,36,2708,29593,31035,0.08454262,15278,491
Westchester,10523,1.223,2605,68,42,44,29,36,482,29786,7489,0.08454262,3775,167
Westchester,10511,1.223,2605,68,42,44,29,36,85,29975,2189,0.08454262,1150,38
Westchester,10552,1.223,2605,68,42,44,29,36,1278,30677,19948,0.08454262,10803,529
Westchester,10603,1.223,2605,68,42,44,29,36,1126,31114,16389,0.08454262,8799,395
Westchester,10519,1.223,2605,68,42,44,29,36,0,31298,156,0.08454262,80,7
Westchester,10594,1.223,2605,68,42,44,29,36,242,31716,5460,0.08454262,2637,90
Westchester,10567,1.223,2605,68,42,44,29,36,517,31821,17805,0.08454262,8894,247
Westchester,10598,1.223,2605,68,42,44,29,36,747,33863,29368,0.08454262,15252,323
Westchester,10707,1.223,2605,68,42,44,29,36,559,34361,9447,0.08454262,4671,131
Westchester,10591,1.223,2605,68,42,44,29,36,1208,34940,21590,0.08454262,11743,456
Westchester,10522,1.223,2605,68,42,44,29,36,555,35090,10622,0.08454262,5385,184
Westchester,10604,1.223,2605,68,42,44,29,36,938,35285,10430,0.08454262,5269,304
Westchester,10578,1.223,2605,68,42,44,29,36,0,36119,661,0.08454262,337,12
Westchester,10507,1.223,2605,68,42,44,29,36,518,36381,7646,0.08454262,2944,127
Westchester,10607,1.223,2605,68,42,44,29,36,327,36877,7493,0.08454262,4280,165
Westchester,10520,1.223,2605,68,42,44,29,36,486,39319,12590,0.08454262,6488,149
Westchester,10709,1.223,2605,68,42,44,29,36,367,40731,9093,0.08454262,4133,147
Westchester,10543,1.223,2605,68,42,44,29,36,1247,40760,19427,0.08454262,9475,343
Westchester,10501,1.223,2605,68,42,44,29,36,24,41077,843,0.08454262,372,5
Westchester,10530,1.223,2605,68,42,44,29,36,409,43656,12453,0.08454262,7253,223
Westchester,10589,1.223,2605,68,42,44,29,36,169,43884,7363,0.08454262,3216,58
Westchester,10570,1.223,2605,68,42,44,29,36,386,45182,12366,0.08454262,6019,107
Westchester,10527,1.223,2605,68,42,44,29,36,20,45701,1097,0.08454262,511,12
Westchester,10528,1.223,2605,68,42,44,29,36,671,46058,12312,0.08454262,5776,141
Westchester,10549,1.223,2605,68,42,44,29,36,1289,46138,15327,0.08454262,7949,275
Westchester,10605,1.223,2605,68,42,44,29,36,923,46263,17414,0.08454262,9355,230
Westchester,10502,1.223,2605,68,42,44,29,36,68,47418,4935,0.08454262,2447,56
Westchester,10546,1.223,2605,68,42,44,29,36,14,49293,1224,0.08454262,715,19
Westchester,10560,1.223,2605,68,42,44,29,36,100,49744,4941,0.08454262,2571,107
Westchester,10536,1.223,2605,68,42,44,29,36,258,50455,10612,0.08454262,5004,77
Westchester,10803,1.223,2605,68,42,44,29,36,522,50943,12124,0.08454262,5893,190
Westchester,10590,1.223,2605,68,42,44,29,36,116,51017,7212,0.08454262,3783,67
Westchester,10706,1.223,2605,68,42,44,29,36,343,51054,9187,0.08454262,4908,162
Westchester,10708,1.223,2605,68,42,44,29,36,816,54293,22411,0.08454262,12025,353
Westchester,10533,1.223,2605,68,42,44,29,36,223,56666,7464,0.08454262,3698,81
Westchester,10804,1.223,2605,68,42,44,29,36,292,57088,14131,0.08454262,7001,157
Westchester,10526,1.223,2605,68,42,44,29,36,70,58142,1652,0.08454262,859,19
Westchester,10510,1.223,2605,68,42,44,29,36,227,58992,9963,0.08454262,4767,274
Westchester,10518,1.223,2605,68,42,44,29,36,19,60782,1552,0.08454262,865,0
Westchester,10577,1.223,2605,68,42,44,29,36,173,64946,3454,0.08454262,1702,99
Westchester,10504,1.223,2605,68,42,44,29,36,126,65405,7185,0.08454262,3452,40
Westchester,10538,1.223,2605,68,42,44,29,36,445,67269,16780,0.08454262,8531,205
Westchester,10583,1.223,2605,68,42,44,29,36,1099,70450,39091,0.08454262,18188,339
Westchester,10576,1.223,2605,68,42,44,29,36,91,74127,4530,0.08454262,2350,63
Westchester,10506,1.223,2605,68,42,44,29,36,86,75723,5537,0.08454262,2679,14
Westchester,10580,1.223,2605,68,42,44,29,36,432,77721,16737,0.08454262,7356,143
Westchester,10503,1.223,2605,68,42,44,29,36,0,78591,115,0.08454262,64,8
Westchester,10514,1.223,2605,68,42,44,29,36,306,78647,12004,0.08454262,5774,67
Wyoming,14030,1.042,15,0,0,0,0,0,40,5716,539,0.0774537,295.6666667,8.666666667
Wyoming,14004,1.042,15,0,0,0,0,0,217,6103,4080,0.0774537,1838,89
Wyoming,14481,1.042,15,0,0,0,0,0,71,7150,1838,0.0774537,469,18
Wyoming,14009,1.042,15,0,0,0,0,0,198,8499,2848,0.0774537,1392.5,81
Wyoming,14011,1.042,15,0,0,0,0,0,224,8830,4085,0.0774537,1523.5,87.5
Wyoming,14530,1.042,15,0,0,0,0,0,262,9385,2890,0.0774537,1515,131.5
Wyoming,14550,1.042,15,0,0,0,0,0,125,15488,1732,0.0774537,915,59
Wyoming,14427,1.042,15,0,0,0,0,0,311,16614,2181,0.0774537,1159,86
Wyoming,14569,1.042,15,0,0,0,0,0,618,17329,6481,0.0774537,3123,164
Yates,14456,1.042,9,0,0,0,0,0,788,5774,6739,0.11876334,3152,219.3333333
Yates,14544,1.042,9,0,0,0,0,0,75,10346,954,0.11876334,518.5,27.5
Yates,14478,1.042,9,0,0,0,0,0,93,15356,1364,0.11876334,834,236
Yates,14527,1.042,9,0,0,0,0,0,1660,17299,12970,0.11876334,6374,296